name,cat,note,SHARP_acum,SHARP_exc,PROM_db,PROM_hz,peak_motion,REL_db,HF8K_pct,PAIN_pct,K_db,SHARP_noRes,PAIN_noRes_pct,RESLIFT_db,PROM_noRes_db,win_ms,flags,err
8BIT SUNSET,LEAD,C2,1.64,0.45,-6.19,1338.2,n/a,-28.99,0.017,0.351,49.17,1.641,0.358,-0.09,-6.17,1890.0,,
8BIT SUNSET,LEAD,C3,1.832,0.483,-5.45,1812.2,n/a,-23.41,0.049,0.899,48.79,1.833,0.918,-0.09,-5.43,1900.0,,
8BIT SUNSET,LEAD,C4,1.974,0.482,-6.09,1812.2,n/a,-22.81,0.059,0.984,51.69,1.975,1.004,-0.09,-6.07,1890.0,,
8BIT SUNSET,LEAD,C5,2.103,0.022,0.0,1838.6,n/a,-13.26,0.128,2.06,51.57,2.105,2.102,-0.09,0.0,1890.0,,
8BIT SUNSET,LEAD,C6,2.281,-0.119,0.0,3677.2,n/a,-18.04,0.304,3.798,51.59,2.282,3.878,-0.09,0.0,1900.0,,
ABYSS PILLAR,BASS,C1,0.33,-0.373,-99.0,0.0,n/a,-99.0,0.0,0.0,36.48,0.329,0.0,0.0,-99.0,1890.0,,
ABYSS PILLAR,BASS,C2,0.375,-0.815,-99.0,0.0,n/a,-99.0,0.0,0.0,42.87,0.376,0.0,0.0,-99.0,1900.0,,
ABYSS PILLAR,BASS,C3,0.422,-0.927,-99.0,0.0,n/a,-99.0,0.0,0.0,46.99,0.423,0.0,0.0,-99.0,1890.0,,
ABYSS PILLAR,BASS,C4,0.553,-0.939,-99.0,0.0,n/a,-99.0,0.0,0.0,48.24,0.554,0.0,0.0,-99.0,1900.0,,
ANVIL ANTHEM,LEAD,C2,1.585,0.395,-3.1,1209.5,n/a,-14.44,0.025,3.607,45.41,1.589,3.646,-0.05,-3.09,640.0,,
ANVIL ANTHEM,LEAD,C3,1.719,0.37,0.11,1300.1,n/a,-12.89,0.032,4.034,47.78,1.723,4.08,-0.05,0.12,810.0,,
ANVIL ANTHEM,LEAD,C4,1.983,0.491,3.95,2283.3,n/a,-11.16,0.084,14.721,47.65,1.987,14.827,-0.03,3.96,660.0,,
ANVIL ANTHEM,LEAD,C5,2.263,0.181,1.98,4566.6,n/a,-21.5,0.032,9.682,51.79,2.268,9.762,-0.04,2.0,1280.0,,
ANVIL ANTHEM,LEAD,C6,2.714,0.314,-4.92,3182.7,n/a,-4.92,0.234,49.04,52.93,2.72,49.197,-0.01,-4.91,1590.0,,
ASH HAULER,BASS,C1,0.942,0.239,-99.0,0.0,n/a,-99.0,0.0,0.0,42.79,0.967,0.0,0.0,-99.0,360.0,,
ASH HAULER,BASS,C2,0.896,-0.293,-99.0,0.0,n/a,-99.0,0.0,0.0,45.72,0.917,0.0,0.0,-99.0,1900.0,,
ASH HAULER,BASS,C3,0.871,-0.478,-99.0,0.0,n/a,-99.0,0.0,0.0,47.71,0.89,0.0,0.0,-99.0,1890.0,,
ASH HAULER,BASS,C4,0.921,-0.571,-99.0,0.0,n/a,-99.0,0.0,0.0,48.12,0.947,0.0,0.0,-99.0,1900.0,,
ATTIC UPRIGHT,KEYS,C2,1.189,-0.0,-99.0,0.0,n/a,-99.0,0.002,0.004,47.87,1.188,0.004,0.0,-99.0,1890.0,,
ATTIC UPRIGHT,KEYS,C3,1.486,0.137,-99.0,0.0,n/a,-99.0,0.007,0.013,49.24,1.486,0.013,0.0,-99.0,1890.0,,
ATTIC UPRIGHT,KEYS,C4,1.854,0.362,-12.54,1209.5,n/a,-26.37,0.024,0.045,49.36,1.854,0.045,0.0,-12.5,1890.0,,
ATTIC UPRIGHT,KEYS,C5,2.274,0.192,0.0,1838.6,n/a,-17.95,0.08,0.236,49.0,2.275,0.239,-0.05,0.0,1890.0,,
ATTIC UPRIGHT,KEYS,C6,2.739,0.339,0.14,3677.2,n/a,-23.66,0.277,1.136,48.69,2.738,1.156,-0.08,0.02,1890.0,,
AUREOLE,PAD,C2,1.312,0.123,-2.13,1686.0,n/a,-26.01,0.0,0.921,49.99,1.315,0.947,-0.12,-2.09,880.0,,
AUREOLE,PAD,C3,1.444,0.095,-1.83,1357.6,n/a,-7.86,0.001,3.403,47.88,1.447,3.491,-0.11,-1.8,650.0,,
AUREOLE,PAD,C4,1.73,0.238,2.7,1377.4,n/a,-1.33,0.003,12.494,46.18,1.733,12.753,-0.09,2.72,1260.0,,
AUREOLE,PAD,C5,1.861,-0.221,-2.72,1838.6,n/a,-13.39,0.001,8.221,52.89,1.864,8.397,-0.09,-2.66,630.0,,
AUREOLE,PAD,C6,2.07,-0.33,-0.01,3677.2,n/a,-20.03,0.001,3.522,56.91,2.073,3.603,-0.1,0.0,1270.0,,
AURORA VEIL,PAD,C2,1.328,0.139,-3.96,1568.6,n/a,-24.41,0.001,1.267,49.99,1.331,1.296,-0.1,-3.94,1430.0,,
AURORA VEIL,PAD,C3,1.619,0.27,-2.34,1357.6,n/a,-9.89,0.012,11.389,46.05,1.622,11.562,-0.07,-2.33,880.0,,
AURORA VEIL,PAD,C4,1.829,0.337,-5.1,1377.4,n/a,-13.26,0.017,5.698,51.68,1.833,5.772,-0.06,-5.1,740.0,,
AURORA VEIL,PAD,C5,2.237,0.155,-2.62,1838.6,n/a,-15.49,0.038,7.005,55.45,2.243,7.064,-0.04,-2.61,1310.0,,
AURORA VEIL,PAD,C6,2.801,0.401,-5.8,5430.6,n/a,-23.74,0.221,18.253,57.08,2.807,18.325,-0.02,-5.75,1610.0,,
BLIP BROOK,CHIP,C2,1.52,0.331,-0.54,1661.8,n/a,-20.91,0.009,1.343,23.89,1.523,1.358,-0.05,-0.53,150.0,,
BLIP BROOK,CHIP,C3,1.625,0.276,1.07,1357.6,n/a,-13.14,0.016,2.734,24.59,1.629,2.762,-0.04,1.07,150.0,,
BLIP BROOK,CHIP,C4,1.855,0.363,0.47,3137.1,n/a,-14.46,0.048,5.435,24.9,1.859,5.489,-0.04,0.49,150.0,,
BLIP BROOK,CHIP,C5,2.221,0.139,-0.93,6274.2,n/a,-18.87,0.094,16.956,25.45,2.226,17.058,-0.03,-0.89,150.0,,
BLIP BROOK,CHIP,C6,2.641,0.241,-0.98,3182.7,n/a,-0.98,0.147,57.559,25.74,2.646,57.758,-0.01,-0.97,150.0,,
BOG WHISTLE,LEAD,C2,1.639,0.45,-3.06,1338.2,n/a,-22.95,0.052,1.996,48.55,1.642,2.006,-0.02,-3.06,1800.0,,
BOG WHISTLE,LEAD,C3,1.761,0.412,-3.37,1377.4,n/a,-18.77,0.099,3.64,49.59,1.765,3.659,-0.02,-3.37,780.0,,
BOG WHISTLE,LEAD,C4,2.012,0.52,-3.22,1377.4,n/a,-13.31,0.177,5.934,50.62,2.016,5.962,-0.02,-3.21,1280.0,,
BOG WHISTLE,LEAD,C5,2.406,0.325,-3.88,1591.4,n/a,-3.88,0.377,15.943,51.02,2.411,15.996,-0.01,-3.87,1280.0,,
BOG WHISTLE,LEAD,C6,2.821,0.421,-5.49,3182.7,n/a,-5.49,0.789,38.915,51.73,2.826,38.976,-0.01,-5.49,1760.0,,
BOG WOBBLE,BASS,C1,0.716,0.013,-99.0,0.0,n/a,-99.0,0.0,0.0,43.99,0.715,0.0,0.0,-99.0,250.0,,
BOG WOBBLE,BASS,C2,0.695,-0.495,-99.0,0.0,n/a,-99.0,0.0,0.0,46.27,0.694,0.0,0.0,-99.0,370.0,,
BOG WOBBLE,BASS,C3,0.707,-0.642,-99.0,0.0,n/a,-99.0,0.0,0.0,48.03,0.706,0.0,0.0,-99.0,1890.0,,
BOG WOBBLE,BASS,C4,0.785,-0.707,-99.0,0.0,n/a,-99.0,0.0,0.001,48.3,0.784,0.001,0.0,-99.0,1900.0,,
BONUS STAGE,CHIP,C2,1.57,0.381,-2.81,2638.0,n/a,-26.08,0.017,2.519,47.35,1.573,2.545,-0.04,-2.79,1900.0,,
BONUS STAGE,CHIP,C3,1.694,0.345,1.97,1568.6,n/a,-13.93,0.031,4.853,48.34,1.697,4.9,-0.04,1.97,1900.0,,
BONUS STAGE,CHIP,C4,1.947,0.455,2.06,3137.1,n/a,-15.63,0.059,7.705,49.52,1.952,7.778,-0.04,2.08,740.0,,
BONUS STAGE,CHIP,C5,2.28,0.198,0.0,1591.4,n/a,0.0,0.099,17.544,50.86,2.285,17.649,-0.03,0.0,1310.0,,
BONUS STAGE,CHIP,C6,2.626,0.226,-3.42,3677.2,n/a,-7.21,0.138,57.802,51.54,2.631,57.995,-0.01,-3.39,1610.0,,
BOULDER ROLL,BASS,C1,0.54,-0.163,-99.0,0.0,n/a,-99.0,0.0,0.0,37.16,0.541,0.0,0.0,-99.0,500.0,,
BOULDER ROLL,BASS,C2,0.529,-0.66,-99.0,0.0,n/a,-99.0,0.0,0.0,39.97,0.531,0.0,0.0,-99.0,570.0,,
BOULDER ROLL,BASS,C3,0.534,-0.815,-99.0,0.0,n/a,-99.0,0.0,0.0,43.73,0.535,0.0,0.0,-99.0,590.0,,
BOULDER ROLL,BASS,C4,0.601,-0.891,-99.0,0.0,n/a,-99.0,0.0,0.0,42.72,0.603,0.0,0.0,-99.0,600.0,,
BOW SNAP,PLUCK,C2,0.773,-0.416,-99.0,0.0,n/a,-99.0,0.0,0.0,43.71,0.771,0.0,0.0,-99.0,340.0,,
BOW SNAP,PLUCK,C3,0.837,-0.512,-99.0,0.0,n/a,-99.0,0.0,0.0,44.82,0.837,0.0,0.0,-99.0,340.0,,
BOW SNAP,PLUCK,C4,0.856,-0.636,-99.0,0.0,n/a,-99.0,0.0,0.001,44.35,0.856,0.001,0.0,-99.0,330.0,,
BOW SNAP,PLUCK,C5,0.932,-1.15,0.0,1838.6,n/a,-27.62,0.0,0.002,41.75,0.934,0.002,0.0,0.0,290.0,,
BOW SNAP,PLUCK,C6,1.052,-1.348,-99.0,0.0,n/a,-99.0,0.0,0.009,36.86,1.054,0.01,-0.46,-99.0,390.0,,
BRICK BUMP,BASS,C1,1.052,0.349,-99.0,0.0,n/a,-99.0,0.0,0.0,38.15,1.055,0.0,0.0,-99.0,150.0,,
BRICK BUMP,BASS,C2,0.574,-0.616,-99.0,0.0,n/a,-99.0,0.0,0.0,41.51,0.574,0.0,0.0,-99.0,150.0,,
BRICK BUMP,BASS,C3,0.587,-0.762,-99.0,0.0,n/a,-99.0,0.0,0.0,40.52,0.587,0.0,0.0,-99.0,280.0,,
BRICK BUMP,BASS,C4,0.637,-0.855,-99.0,0.0,n/a,-99.0,0.0,0.0,40.14,0.637,0.0,0.0,-99.0,280.0,,
BRIGHT RIM,PERC,C2,1.522,0.333,-1.11,1209.5,n/a,-23.35,0.003,2.565,18.21,1.513,2.234,0.6,-1.24,150.0,,
BRIGHT RIM,PERC,C3,1.528,0.179,-2.15,2250.5,n/a,-27.53,0.003,2.676,19.46,1.518,2.336,0.59,-2.42,150.0,,
BRIGHT RIM,PERC,C4,1.56,0.068,-4.4,1892.5,n/a,-24.43,0.003,3.164,19.59,1.55,2.769,0.58,-4.58,150.0,,
CANYON CLAP,PERC,C2,1.169,-0.02,1.38,1417.8,n/a,-12.48,0.0,1.544,30.3,1.164,1.331,0.64,1.11,940.0,,
CANYON CLAP,PERC,C3,1.166,-0.183,-1.33,1417.8,n/a,-9.87,0.0,2.116,29.8,1.16,1.841,0.6,-1.45,1040.0,,
CANYON CLAP,PERC,C4,1.189,-0.303,-1.35,1209.5,n/a,-1.5,0.0,2.758,28.82,1.183,2.424,0.56,-1.6,1090.0,,
CANYON CRIER,LEAD,C2,1.516,0.327,-1.45,2676.4,n/a,-27.73,0.01,2.328,49.11,1.52,2.358,-0.06,-1.42,500.0,,
CANYON CRIER,LEAD,C3,1.614,0.265,0.8,1357.6,n/a,-14.89,0.012,3.479,50.97,1.618,3.521,-0.05,0.81,1200.0,,
CANYON CRIER,LEAD,C4,1.839,0.347,1.89,3137.1,n/a,-17.18,0.034,6.775,51.4,1.843,6.855,-0.05,1.9,1100.0,,
CANYON CRIER,LEAD,C5,2.158,0.076,0.2,6274.2,n/a,-23.49,0.052,17.188,52.84,2.163,17.309,-0.03,0.23,1050.0,,
CANYON CRIER,LEAD,C6,2.475,0.075,-3.15,3677.2,n/a,-6.79,0.076,57.678,53.0,2.48,57.916,-0.02,-3.12,1700.0,,
CAVE MOUTH,FX,C2,0.542,-0.647,-99.0,0.0,n/a,-99.0,0.0,0.0,43.02,0.542,0.0,0.0,-99.0,630.0,,
CAVE MOUTH,FX,C3,0.553,-0.796,-99.0,0.0,n/a,-99.0,0.0,0.0,49.08,0.553,0.0,0.0,-99.0,410.0,,
CAVE MOUTH,FX,C4,0.556,-0.936,-99.0,0.0,n/a,-99.0,0.0,0.0,55.22,0.556,0.0,0.0,-99.0,430.0,,
CELLAR HOP,BASS,C1,1.105,0.402,-99.0,0.0,n/a,-99.0,0.001,0.002,42.26,1.105,0.002,0.0,-99.0,1900.0,,
CELLAR HOP,BASS,C2,1.112,-0.077,-99.0,0.0,n/a,-99.0,0.002,0.003,45.26,1.113,0.003,0.0,-99.0,1900.0,,
CELLAR HOP,BASS,C3,1.163,-0.186,-99.0,0.0,n/a,-99.0,0.004,0.007,46.76,1.164,0.007,0.0,-99.0,1890.0,,
CELLAR HOP,BASS,C4,1.386,-0.106,-99.0,0.0,n/a,-99.0,0.009,0.017,46.14,1.387,0.017,0.0,-99.0,1900.0,,
CHAPEL BELLS,KEYS,C2,0.961,-0.229,-0.16,1300.1,tracks,-24.49,0.0,0.019,51.19,0.962,0.02,-0.22,-0.07,1890.0,,
CHAPEL BELLS,KEYS,C3,1.247,-0.102,5.39,1209.5,tracks,-12.44,0.0,0.084,51.66,1.248,0.087,-0.15,5.45,1890.0,,
CHAPEL BELLS,KEYS,C4,1.508,0.016,3.12,2093.8,tracks,-15.05,0.0,2.03,51.74,1.51,2.093,-0.13,3.2,1890.0,,
CHAPEL BELLS,KEYS,C5,1.887,-0.195,1.71,1591.4,tracks,0.0,0.0,1.513,52.4,1.89,1.554,-0.12,1.75,1890.0,,
CHAPEL BELLS,KEYS,C6,2.414,0.014,0.59,3182.7,tracks,0.0,0.069,49.891,52.66,2.418,50.336,-0.04,0.67,1890.0,,
CLOUD PIPER,LEAD,C2,1.483,0.294,-3.16,2715.3,tracks,-26.66,0.006,1.358,49.35,1.487,1.376,-0.06,-3.13,1800.0,,
CLOUD PIPER,LEAD,C3,1.634,0.285,0.99,1300.1,tracks,-14.63,0.01,2.044,50.31,1.638,2.073,-0.06,0.99,720.0,,
CLOUD PIPER,LEAD,C4,1.849,0.357,6.12,2250.5,tracks,-16.23,0.019,4.183,52.01,1.853,4.229,-0.05,6.14,640.0,,
CLOUD PIPER,LEAD,C5,2.239,0.157,3.09,4501.1,tracks,-18.97,0.019,9.601,51.94,2.244,9.688,-0.04,3.14,1620.0,,
CLOUD PIPER,LEAD,C6,2.639,0.239,-3.3,3182.7,tracks,-3.3,0.156,52.62,52.73,2.645,52.807,-0.02,-3.27,1760.0,,
COBALT CRY,LEAD,C2,1.6,0.411,0.56,4908.5,n/a,-28.73,0.023,3.109,47.94,1.604,3.143,-0.05,0.61,1100.0,,
COBALT CRY,LEAD,C3,1.734,0.385,1.32,3421.1,n/a,-24.23,0.024,3.739,50.11,1.738,3.781,-0.05,1.36,1510.0,,
COBALT CRY,LEAD,C4,1.949,0.457,2.56,3137.1,n/a,-14.9,0.051,8.534,50.67,1.954,8.619,-0.04,2.58,1110.0,,
COBALT CRY,LEAD,C5,2.236,0.155,1.62,3624.5,n/a,-13.06,0.053,9.693,52.06,2.242,9.771,-0.03,1.65,1060.0,,
COBALT CRY,LEAD,C6,2.525,0.125,0.0,3677.2,n/a,-3.13,0.124,50.325,52.45,2.53,50.535,-0.02,0.0,1710.0,,
COBBLE BASS,BASS,C1,1.5,0.797,-99.0,0.0,n/a,-99.0,0.001,0.002,42.92,1.505,0.002,0.0,-99.0,150.0,,
COBBLE BASS,BASS,C2,0.471,-0.719,-99.0,0.0,n/a,-99.0,0.0,0.0,46.21,0.472,0.0,0.0,-99.0,320.0,,
COBBLE BASS,BASS,C3,0.515,-0.834,-99.0,0.0,n/a,-99.0,0.0,0.0,47.34,0.516,0.0,0.0,-99.0,1890.0,,
COBBLE BASS,BASS,C4,0.633,-0.859,-99.0,0.0,n/a,-99.0,0.0,0.0,47.45,0.633,0.0,0.0,-99.0,1900.0,,
COBBLE THUMP,PERC,C2,1.835,0.645,-99.0,0.0,n/a,-99.0,0.003,0.008,42.88,1.858,0.009,-0.51,-99.0,250.0,,
COBBLE THUMP,PERC,C3,1.759,0.41,-99.0,0.0,n/a,-99.0,0.007,0.01,44.08,1.788,0.013,-1.14,-99.0,250.0,,
COBBLE THUMP,PERC,C4,1.699,0.207,-99.0,0.0,n/a,-99.0,0.015,0.008,43.95,1.749,0.012,-1.76,-99.0,250.0,,
COIN CHUTE,CHIP,C2,1.523,0.333,-1.8,1661.8,n/a,-22.75,0.009,1.34,32.06,1.527,1.354,-0.05,-1.79,150.0,,
COIN CHUTE,CHIP,C3,1.634,0.285,1.04,1357.6,n/a,-14.56,0.016,2.754,32.76,1.637,2.783,-0.05,1.04,150.0,,
COIN CHUTE,CHIP,C4,1.851,0.359,-0.13,3137.1,n/a,-16.7,0.048,5.472,33.07,1.855,5.527,-0.04,-0.12,150.0,,
COIN CHUTE,CHIP,C5,2.229,0.147,-1.17,6274.2,n/a,-23.31,0.097,16.984,33.62,2.234,17.086,-0.03,-1.14,150.0,,
COIN CHUTE,CHIP,C6,2.66,0.26,-2.9,3624.5,n/a,-5.99,0.151,57.608,33.92,2.665,57.805,-0.01,-2.87,150.0,,
COPPER BELL,PLUCK,C2,0.63,-0.559,-99.0,0.0,n/a,-99.0,0.0,0.0,46.55,0.629,0.0,0.0,-99.0,560.0,,
COPPER BELL,PLUCK,C3,0.815,-0.534,-1.7,1209.5,n/a,-19.63,0.0,0.001,46.64,0.814,0.001,0.0,-1.8,540.0,,
COPPER BELL,PLUCK,C4,1.039,-0.453,-6.13,2250.5,n/a,-26.79,0.0,0.107,46.45,1.038,0.101,0.25,-5.98,550.0,,
COPPER BELL,PLUCK,C5,1.393,-0.689,0.0,1838.6,n/a,-3.2,0.0,0.338,45.71,1.393,0.316,0.29,0.0,530.0,,
COPPER BELL,PLUCK,C6,1.863,-0.537,0.0,3624.5,n/a,-8.26,0.0,20.527,45.41,1.864,19.279,0.27,0.0,490.0,,
CRATER BOOM,PERC,C2,0.346,-0.844,-99.0,0.0,n/a,-99.0,0.0,0.0,41.25,0.346,0.0,0.0,-99.0,490.0,,
CRATER BOOM,PERC,C3,0.381,-0.968,-99.0,0.0,n/a,-99.0,0.0,0.0,42.27,0.381,0.0,0.0,-99.0,490.0,,
CRATER BOOM,PERC,C4,0.394,-1.098,-99.0,0.0,n/a,-99.0,0.0,0.0,37.81,0.393,0.0,0.0,-99.0,490.0,,
CRT SUNRISE,CHIP,C2,1.79,0.601,-2.79,1245.0,n/a,-20.92,0.119,1.687,45.74,1.792,1.691,-0.01,-2.79,1880.0,,
CRT SUNRISE,CHIP,C3,1.93,0.581,-4.77,2489.9,n/a,-21.26,0.28,3.521,46.51,1.932,3.53,-0.01,-4.76,1890.0,,
CRT SUNRISE,CHIP,C4,2.08,0.588,0.92,1812.2,n/a,-11.84,0.31,4.039,49.05,2.081,4.049,-0.01,0.92,740.0,,
CRT SUNRISE,CHIP,C5,2.352,0.27,0.1,3624.5,n/a,-18.34,0.478,6.359,50.17,2.353,6.376,-0.01,0.1,650.0,,
CRT SUNRISE,CHIP,C6,2.752,0.352,0.99,7354.4,n/a,-22.36,0.874,31.652,51.58,2.754,31.668,-0.0,1.01,1280.0,,
CRUST BREAKER,BASS,C1,1.152,0.449,-99.0,0.0,n/a,-99.0,0.001,0.0,42.83,1.24,0.001,-30.0,-99.0,360.0,,
CRUST BREAKER,BASS,C2,1.161,-0.028,-99.0,0.0,n/a,-99.0,0.001,0.0,45.84,1.254,0.001,-30.0,-99.0,1900.0,,
CRUST BREAKER,BASS,C3,1.192,-0.157,-99.0,0.0,n/a,-99.0,0.002,0.001,47.83,1.294,0.001,0.0,-99.0,1890.0,,
CRUST BREAKER,BASS,C4,1.389,-0.103,-99.0,0.0,n/a,-99.0,0.004,0.002,48.25,1.499,0.003,-1.76,-99.0,1900.0,,
DEEP SHAFT,BASS,C1,0.318,-0.385,-99.0,0.0,n/a,-99.0,0.0,0.0,36.25,0.316,0.0,0.0,-99.0,1890.0,,
DEEP SHAFT,BASS,C2,0.367,-0.823,-99.0,0.0,n/a,-99.0,0.0,0.0,42.55,0.368,0.0,0.0,-99.0,1900.0,,
DEEP SHAFT,BASS,C3,0.401,-0.948,-99.0,0.0,n/a,-99.0,0.0,0.0,46.45,0.403,0.0,0.0,-99.0,1890.0,,
DEEP SHAFT,BASS,C4,0.5,-0.992,-99.0,0.0,n/a,-99.0,0.0,0.0,47.17,0.501,0.0,0.0,-99.0,1890.0,,
DIESEL MOSS,BASS,C1,1.353,0.65,-99.0,0.0,n/a,-99.0,0.008,0.014,42.57,1.365,0.012,0.67,-99.0,910.0,,
DIESEL MOSS,BASS,C2,1.357,0.167,-99.0,0.0,n/a,-99.0,0.008,0.015,45.64,1.368,0.013,0.62,-99.0,1900.0,,
DIESEL MOSS,BASS,C3,1.411,0.062,-99.0,0.0,n/a,-99.0,0.019,0.033,47.53,1.425,0.029,0.56,-99.0,1890.0,,
DIESEL MOSS,BASS,C4,1.668,0.176,-99.0,0.0,n/a,-99.0,0.045,0.081,47.49,1.673,0.073,0.45,-99.0,1900.0,,
DOT MATRIX,CHIP,C2,1.824,0.635,-3.96,1568.6,n/a,-28.69,0.04,0.543,49.85,1.827,0.545,-0.02,-3.95,1900.0,,
DOT MATRIX,CHIP,C3,2.006,0.657,-4.24,1786.3,n/a,-23.34,0.079,0.998,51.17,2.009,1.003,-0.02,-4.24,1900.0,,
DOT MATRIX,CHIP,C4,2.153,0.661,-3.17,1812.2,n/a,-17.52,0.16,1.794,52.05,2.155,1.802,-0.02,-3.17,430.0,,
DOT MATRIX,CHIP,C5,2.364,0.282,0.0,1838.6,n/a,-11.28,0.339,4.436,51.59,2.366,4.457,-0.02,0.0,410.0,,
DOT MATRIX,CHIP,C6,2.516,0.116,0.0,3624.5,n/a,-11.92,0.666,7.729,52.22,2.519,7.767,-0.02,0.0,410.0,,
DRIFTWOOD,PAD,C2,0.913,-0.276,-11.71,1209.5,n/a,-23.11,0.0,0.056,46.16,0.914,0.058,-0.15,-11.65,440.0,,
DRIFTWOOD,PAD,C3,1.07,-0.279,-9.48,1357.6,n/a,-21.75,0.0,0.084,49.15,1.071,0.087,-0.15,-9.43,430.0,,
DRIFTWOOD,PAD,C4,1.24,-0.252,-5.12,1209.5,n/a,-13.85,0.0,0.11,56.31,1.242,0.114,-0.16,-5.07,420.0,,
DRIFTWOOD,PAD,C5,1.638,-0.444,0.0,1838.6,n/a,-9.94,0.0,2.029,50.76,1.639,2.093,-0.13,0.0,1080.0,,
DRIFTWOOD,PAD,C6,2.173,-0.227,0.0,3677.2,n/a,-17.7,0.001,5.625,51.6,2.175,5.764,-0.11,0.0,1020.0,,
DRIP GROTTO,FX,C2,1.19,0.0,-5.66,1245.0,n/a,-22.07,0.0,0.266,39.11,1.183,0.25,0.27,-5.91,1730.0,,
DRIP GROTTO,FX,C3,1.305,-0.044,-2.89,1438.4,n/a,-18.94,0.002,0.598,39.83,1.298,0.571,0.2,-3.0,1900.0,,
DRIP GROTTO,FX,C4,1.418,-0.074,-6.28,2250.5,n/a,-23.25,0.004,2.838,38.72,1.412,2.767,0.11,-6.21,1900.0,,
DRIZZLE CHIME,PLUCK,C2,1.114,-0.075,-6.01,1568.6,n/a,-28.84,0.0,0.069,45.84,1.107,0.063,0.4,-6.1,570.0,,
DRIZZLE CHIME,PLUCK,C3,1.244,-0.105,-2.3,1568.6,n/a,-21.82,0.0,0.146,43.35,1.237,0.137,0.28,-2.32,440.0,,
DRIZZLE CHIME,PLUCK,C4,1.453,-0.039,-5.57,2715.3,n/a,-29.48,0.002,0.435,42.13,1.446,0.421,0.14,-5.38,450.0,,
DRIZZLE CHIME,PLUCK,C5,1.666,-0.416,-5.27,1591.4,n/a,-5.27,0.005,1.899,41.24,1.658,1.871,0.06,-5.55,410.0,,
DRIZZLE CHIME,PLUCK,C6,2.007,-0.393,-8.5,3182.7,n/a,-8.5,0.007,14.582,41.18,2.0,14.311,0.08,-8.65,520.0,,
DUSK BEACON,LEAD,C2,0.935,-0.254,-5.5,1281.4,n/a,-24.57,0.0,0.01,45.09,0.937,0.011,-0.41,-5.44,1870.0,,
DUSK BEACON,LEAD,C3,1.083,-0.266,-4.54,1245.0,n/a,-27.56,0.0,0.098,48.29,1.085,0.102,-0.17,-4.49,1890.0,,
DUSK BEACON,LEAD,C4,1.322,-0.17,-4.21,1209.5,n/a,-18.93,0.0,0.412,49.66,1.324,0.426,-0.15,-4.18,1870.0,,
DUSK BEACON,LEAD,C5,1.681,-0.401,-3.63,2283.3,n/a,-17.66,0.002,2.035,50.03,1.684,2.077,-0.09,-3.61,1890.0,,
DUSK BEACON,LEAD,C6,2.239,-0.161,-3.01,4566.6,n/a,-19.89,0.015,5.119,50.78,2.244,5.182,-0.05,-2.98,1900.0,,
DUST CURTAIN,PAD,C2,1.492,0.302,-3.82,1338.2,n/a,-18.42,0.007,4.227,47.96,1.481,3.771,0.5,-3.93,1580.0,,
DUST CURTAIN,PAD,C3,1.522,0.173,-1.24,2454.2,n/a,-21.15,0.006,4.456,49.46,1.511,4.003,0.47,-1.43,430.0,,
DUST CURTAIN,PAD,C4,1.485,-0.007,-5.88,1377.4,n/a,-21.7,0.001,0.618,59.72,1.474,0.548,0.52,-5.94,420.0,,
DUST CURTAIN,PAD,C5,1.663,-0.419,0.0,1838.6,n/a,-6.5,0.007,14.877,50.49,1.652,13.73,0.35,0.0,1060.0,,
DUST CURTAIN,PAD,C6,1.74,-0.66,0.0,3677.2,n/a,-17.33,0.004,6.62,54.5,1.729,6.005,0.42,0.0,1490.0,,
ECHO TOM,PERC,C2,0.704,-0.486,-99.0,0.0,n/a,-99.0,0.0,0.0,41.75,0.705,0.0,0.0,-99.0,250.0,,
ECHO TOM,PERC,C3,0.677,-0.672,-99.0,0.0,n/a,-99.0,0.0,0.0,40.81,0.678,0.0,0.0,-99.0,520.0,,
ECHO TOM,PERC,C4,0.741,-0.751,-99.0,0.0,n/a,-99.0,0.0,0.002,36.36,0.741,0.002,0.0,-99.0,810.0,,
EMBER BED,FX,C2,1.408,0.218,-99.0,0.0,n/a,-99.0,0.021,0.038,48.28,1.407,0.034,0.48,-99.0,1080.0,,
EMBER BED,FX,C3,1.45,0.101,-99.0,0.0,n/a,-99.0,0.032,0.056,50.55,1.448,0.047,0.76,-99.0,630.0,,
EMBER BED,FX,C4,1.697,0.205,-99.0,0.0,n/a,-99.0,0.065,0.113,54.11,1.698,0.108,0.2,-99.0,510.0,,
EMBER CROWN,LEAD,C2,1.202,0.012,1.93,1300.1,tracks,-23.27,0.003,0.029,48.39,1.225,0.02,1.61,0.96,1900.0,,
EMBER CROWN,LEAD,C3,1.285,-0.064,4.28,1209.5,tracks,-10.78,0.005,0.212,48.51,1.289,0.134,1.99,3.73,720.0,,
EMBER CROWN,LEAD,C4,1.447,-0.045,3.53,2093.8,tracks,-13.94,0.005,2.865,49.74,1.439,2.044,1.47,2.8,1310.0,,
EMBER CROWN,LEAD,C5,1.775,-0.307,1.77,4187.5,tracks,-15.52,0.008,3.184,50.38,1.746,2.306,1.4,0.61,610.0,,
EMBER CROWN,LEAD,C6,2.274,-0.126,0.0,3624.5,tracks,-1.47,0.182,47.127,51.39,2.218,43.938,0.3,0.0,1870.0,,
FANFARE FALLS,CHIP,C2,1.72,0.53,-4.88,1209.5,n/a,-23.7,0.016,1.402,45.47,1.724,1.417,-0.05,-4.87,1900.0,,
FANFARE FALLS,CHIP,C3,1.882,0.533,-3.58,1357.6,n/a,-15.74,0.042,3.126,46.04,1.886,3.162,-0.05,-3.57,920.0,,
FANFARE FALLS,CHIP,C4,2.059,0.567,-4.83,1209.5,n/a,-11.99,0.057,3.828,48.3,2.066,4.102,-0.3,-4.51,570.0,,
FANFARE FALLS,CHIP,C5,2.159,0.077,0.0,1838.6,n/a,-9.25,0.081,7.278,48.57,2.164,7.361,-0.05,0.0,660.0,,
FANFARE FALLS,CHIP,C6,2.309,-0.091,0.0,3677.2,n/a,-14.86,0.095,9.128,50.89,2.315,9.234,-0.05,0.0,1280.0,,
FAR THUNDER,FX,C2,0.506,-0.683,-99.0,0.0,n/a,-99.0,0.0,0.0,51.89,0.509,0.0,0.0,-99.0,1840.0,,
FAR THUNDER,FX,C3,0.498,-0.851,-99.0,0.0,n/a,-99.0,0.0,0.0,53.03,0.5,0.0,0.0,-99.0,1850.0,,
FAR THUNDER,FX,C4,0.564,-0.928,-99.0,0.0,n/a,-99.0,0.0,0.0,46.0,0.568,0.0,0.0,-99.0,1550.0,,
FELT MALLET,PLUCK,C2,0.772,-0.417,-99.0,0.0,n/a,-99.0,0.0,0.0,44.02,0.77,0.0,0.0,-99.0,470.0,,
FELT MALLET,PLUCK,C3,0.934,-0.415,-99.0,0.0,n/a,-99.0,0.0,0.011,44.32,0.93,0.01,0.41,-99.0,310.0,,
FELT MALLET,PLUCK,C4,1.061,-0.431,-13.31,1209.5,n/a,-27.79,0.0,0.025,46.02,1.056,0.023,0.36,-13.23,1740.0,,
FELT MALLET,PLUCK,C5,1.303,-0.779,0.0,1865.3,n/a,-24.19,0.0,0.109,45.63,1.297,0.106,0.12,0.0,480.0,,
FELT MALLET,PLUCK,C6,1.77,-0.63,0.0,3730.7,n/a,-25.82,0.001,0.932,41.11,1.761,0.926,0.03,0.0,1250.0,,
FERN CANOPY,PAD,C2,1.445,0.256,-12.34,1209.5,n/a,-23.36,0.034,0.179,49.67,1.446,0.184,-0.12,-12.28,410.0,,
FERN CANOPY,PAD,C3,1.645,0.296,-7.56,1209.5,n/a,-11.46,0.088,0.269,49.08,1.646,0.275,-0.1,-7.49,420.0,,
FERN CANOPY,PAD,C4,1.832,0.34,-8.02,1209.5,n/a,-17.59,0.034,0.085,61.09,1.833,0.087,-0.1,-7.95,410.0,,
FERN CANOPY,PAD,C5,2.187,0.105,0.0,1838.6,n/a,-10.84,0.118,1.478,49.18,2.187,1.52,-0.12,0.0,1070.0,,
FERN CANOPY,PAD,C6,2.61,0.21,-2.54,5430.6,n/a,-27.24,0.288,1.385,52.79,2.61,1.403,-0.06,-2.54,1080.0,,
FLINT HAT,PERC,C2,3.802,2.612,11.46,8255.0,n/a,-13.97,81.601,9.105,12.38,3.822,8.124,0.5,11.29,150.0,SHARP+FIXPEAK+HASH,
FLINT HAT,PERC,C3,3.802,2.453,1.66,8136.7,n/a,-13.97,81.601,9.105,12.38,3.822,8.124,0.5,1.44,150.0,SHARP+HASH,
FLINT HAT,PERC,C4,3.802,2.31,1.59,8136.7,n/a,-13.97,81.601,9.105,12.38,3.822,8.124,0.5,1.36,150.0,SHARP+HASH,
FLINT WHISTLE,LEAD,C2,1.564,0.375,4.08,1459.3,tracks,-14.69,0.005,2.817,49.22,1.567,2.862,-0.07,4.09,720.0,,
FLINT WHISTLE,LEAD,C3,1.786,0.437,3.85,2918.6,tracks,-18.74,0.015,4.973,50.12,1.79,5.049,-0.07,3.88,1310.0,,
FLINT WHISTLE,LEAD,C4,2.079,0.587,4.77,5837.2,tracks,-22.54,0.027,16.88,50.54,2.084,17.034,-0.04,4.82,1620.0,,
FLINT WHISTLE,LEAD,C5,2.392,0.31,0.0,1591.4,tracks,0.0,0.042,50.995,50.57,2.396,51.302,-0.03,0.0,1760.0,,
FLINT WHISTLE,LEAD,C6,2.829,0.429,0.0,3182.7,tracks,0.0,1.002,93.626,48.54,2.833,93.465,0.01,0.0,1830.0,,
FOREST LULLABY,KEYS,C2,1.143,-0.046,-99.0,0.0,n/a,-99.0,0.002,0.0,48.67,1.144,0.0,0.0,-99.0,1890.0,,
FOREST LULLABY,KEYS,C3,1.388,0.039,-9.81,1209.5,n/a,-29.39,0.006,0.003,49.41,1.389,0.003,0.0,-9.77,1890.0,,
FOREST LULLABY,KEYS,C4,1.712,0.22,-4.86,1812.2,n/a,-24.91,0.015,0.071,50.8,1.712,0.073,-0.12,-4.82,1890.0,,
FOREST LULLABY,KEYS,C5,2.119,0.038,0.0,1838.6,n/a,-17.38,0.04,0.618,51.29,2.12,0.639,-0.15,0.0,1890.0,,
FOREST LULLABY,KEYS,C6,2.63,0.23,-3.33,7145.0,n/a,-27.29,0.18,4.478,49.31,2.631,4.571,-0.09,-3.33,1890.0,,
FORGE HOWL,LEAD,C2,1.636,0.446,-4.03,2715.3,n/a,-29.79,0.018,0.709,45.59,1.603,0.669,0.25,-4.13,1880.0,,
FORGE HOWL,LEAD,C3,1.669,0.32,-1.42,1245.0,n/a,-22.88,0.036,1.406,48.13,1.636,1.328,0.25,-1.44,1890.0,,
FORGE HOWL,LEAD,C4,1.818,0.326,-2.06,1209.5,n/a,-15.84,0.061,2.462,49.57,1.782,2.318,0.26,-2.08,1120.0,,
FORGE HOWL,LEAD,C5,2.066,-0.016,-3.05,3182.7,n/a,-21.2,0.104,5.364,50.65,2.024,5.113,0.21,-3.14,600.0,,
FORGE HOWL,LEAD,C6,2.508,0.108,-2.26,4501.1,n/a,-16.76,0.17,10.612,51.16,2.456,10.17,0.18,-2.48,1250.0,,
FROSTBYTE,PAD,C2,0.862,-0.328,-8.18,1281.4,n/a,-26.08,0.0,0.022,43.39,0.863,0.022,0.0,-8.12,710.0,,
FROSTBYTE,PAD,C3,0.947,-0.402,-6.63,1357.6,n/a,-25.85,0.0,0.02,46.58,0.948,0.021,-0.21,-6.59,870.0,,
FROSTBYTE,PAD,C4,1.046,-0.446,-10.33,1209.5,n/a,-23.48,0.0,0.029,49.24,1.046,0.03,-0.15,-10.29,730.0,,
FROSTBYTE,PAD,C5,1.202,-0.88,-1.65,1838.6,n/a,-22.86,0.0,0.057,47.81,1.202,0.058,-0.08,-1.63,650.0,,
FROSTBYTE,PAD,C6,1.537,-0.863,-99.0,0.0,n/a,-99.0,0.0,0.235,45.26,1.535,0.234,0.02,-99.0,950.0,,
FROST CHIME,KEYS,C2,1.259,0.069,0.18,1786.3,n/a,-21.95,0.0,0.711,49.63,1.261,0.733,-0.13,0.22,1900.0,,
FROST CHIME,KEYS,C3,1.354,0.005,2.65,1591.4,n/a,-17.33,0.0,0.928,50.99,1.357,0.956,-0.13,2.68,1900.0,,
FROST CHIME,KEYS,C4,1.459,-0.033,0.61,1812.2,n/a,-11.48,0.0,2.726,50.48,1.461,2.805,-0.12,0.64,1900.0,,
FROST CHIME,KEYS,C5,1.621,-0.461,0.0,1838.6,n/a,-4.98,0.0,3.454,51.29,1.623,3.535,-0.1,0.0,1900.0,,
FROST CHIME,KEYS,C6,1.937,-0.463,0.0,3677.2,n/a,-5.29,0.002,26.982,46.9,1.939,27.521,-0.09,0.0,1810.0,,
GEODE VOICE,LEAD,C2,1.665,0.476,-2.77,1209.5,tracks,-18.72,0.041,2.01,48.22,1.668,2.023,-0.03,-2.77,440.0,,
GEODE VOICE,LEAD,C3,1.8,0.451,-2.37,2638.0,tracks,-21.74,0.083,3.812,49.19,1.803,3.836,-0.03,-2.35,710.0,,
GEODE VOICE,LEAD,C4,2.049,0.557,8.14,1838.6,tracks,-11.55,0.138,7.666,49.92,2.053,7.708,-0.02,8.15,680.0,,
GEODE VOICE,LEAD,C5,2.39,0.308,7.86,3624.5,tracks,-10.95,0.201,10.396,51.13,2.395,10.455,-0.02,7.88,1620.0,,
GEODE VOICE,LEAD,C6,2.792,0.392,7.39,7249.0,tracks,-12.72,0.667,54.851,51.44,2.798,54.919,-0.01,7.44,940.0,,
GILDED ORGAN,KEYS,C2,1.095,-0.095,-8.19,1209.5,n/a,-26.87,0.0,0.075,45.23,1.096,0.078,-0.17,-8.12,1870.0,,
GILDED ORGAN,KEYS,C3,1.191,-0.158,-7.62,1812.2,n/a,-24.64,0.0,0.147,45.49,1.192,0.152,-0.15,-7.57,890.0,,
GILDED ORGAN,KEYS,C4,1.244,-0.248,-7.52,1209.5,n/a,-16.15,0.0,0.166,47.84,1.245,0.172,-0.15,-7.45,570.0,,
GILDED ORGAN,KEYS,C5,1.278,-0.804,0.0,1838.6,n/a,-15.33,0.0,0.247,48.37,1.279,0.254,-0.12,0.0,720.0,,
GILDED ORGAN,KEYS,C6,1.378,-1.022,0.0,3677.2,n/a,-29.19,0.0,0.313,47.98,1.379,0.317,-0.06,0.0,1350.0,,
GLASS RAIN,FX,C2,1.279,0.089,-5.09,1209.5,n/a,-24.78,0.001,0.408,40.11,1.271,0.385,0.25,-5.23,730.0,,
GLASS RAIN,FX,C3,1.417,0.068,-5.08,1357.6,n/a,-17.28,0.016,0.811,39.65,1.41,0.772,0.21,-5.38,760.0,,
GLASS RAIN,FX,C4,1.435,-0.057,-4.92,1209.5,n/a,-4.92,0.007,0.757,40.83,1.428,0.732,0.15,-5.16,740.0,,
GLINT CELESTA,KEYS,C2,0.974,-0.216,-0.35,2124.2,mixed,-27.36,0.0,0.119,50.23,0.976,0.124,-0.18,-0.3,1900.0,,
GLINT CELESTA,KEYS,C3,1.229,-0.12,-0.5,1209.5,mixed,-6.52,0.0,0.554,50.27,1.23,0.572,-0.14,-0.46,1890.0,,
GLINT CELESTA,KEYS,C4,1.549,0.057,3.99,1812.2,mixed,-5.72,0.003,10.904,50.86,1.552,11.134,-0.09,4.02,1900.0,,
GLINT CELESTA,KEYS,C5,2.016,-0.066,4.41,1591.4,mixed,0.0,0.027,20.306,51.38,2.02,20.552,-0.05,4.43,1890.0,,
GLINT CELESTA,KEYS,C6,2.689,0.289,3.8,3182.7,mixed,0.0,2.064,69.541,52.04,2.694,69.507,0.0,3.83,1900.0,,
GRIT SNARE,PERC,C2,1.09,-0.099,-2.51,1209.5,n/a,-28.25,0.0,0.083,39.59,1.087,0.073,0.56,-2.8,200.0,,
GRIT SNARE,PERC,C3,1.1,-0.249,-8.33,1209.5,n/a,-27.93,0.0,0.117,40.38,1.097,0.102,0.6,-8.67,200.0,,
GRIT SNARE,PERC,C4,1.131,-0.361,-6.22,1209.5,n/a,-23.61,0.0,0.127,40.56,1.129,0.112,0.55,-6.53,210.0,,
HAIL BULLETS,CHIP,C2,1.803,0.613,-3.1,2526.1,n/a,-29.38,0.163,1.796,45.74,1.804,1.797,-0.0,-3.1,1900.0,,
HAIL BULLETS,CHIP,C3,1.926,0.577,-2.9,2250.5,n/a,-26.56,0.209,2.282,48.13,1.927,2.283,-0.0,-2.9,1900.0,,
HAIL BULLETS,CHIP,C4,2.176,0.684,-0.82,2250.5,n/a,-21.19,0.347,3.772,49.41,2.177,3.774,-0.0,-0.81,1900.0,,
HAIL BULLETS,CHIP,C5,2.558,0.476,-2.09,4501.1,n/a,-22.46,0.545,9.507,50.39,2.559,9.51,-0.0,-2.09,1900.0,,
HAIL BULLETS,CHIP,C6,2.983,0.583,-3.56,3677.2,n/a,-12.32,1.209,18.037,50.81,2.984,18.039,-0.0,-3.55,1900.0,,
HAIL PECK,PLUCK,C2,0.856,-0.334,-99.0,0.0,n/a,-99.0,0.0,0.001,45.06,0.855,0.001,0.0,-99.0,430.0,,
HAIL PECK,PLUCK,C3,0.952,-0.397,-13.81,1209.5,n/a,-27.56,0.0,0.003,45.14,0.951,0.003,0.0,-14.0,420.0,,
HAIL PECK,PLUCK,C4,0.991,-0.501,-17.08,1209.5,n/a,-20.1,0.0,0.016,39.74,0.99,0.016,0.0,-17.17,500.0,,
HAIL PECK,PLUCK,C5,1.008,-1.074,0.0,1838.6,n/a,-24.44,0.0,0.011,45.58,1.008,0.011,0.0,0.0,330.0,,
HAIL PECK,PLUCK,C6,1.104,-1.296,-99.0,0.0,n/a,-99.0,0.0,0.012,46.26,1.106,0.013,-0.35,-99.0,230.0,,
HALF GATE,CHIP,C2,1.702,0.512,-3.19,1568.6,n/a,-27.78,0.008,0.659,47.75,1.706,0.667,-0.05,-3.19,1900.0,,
HALF GATE,CHIP,C3,1.883,0.534,-3.67,1786.3,n/a,-22.37,0.014,1.176,49.19,1.887,1.19,-0.05,-3.66,1900.0,,
HALF GATE,CHIP,C4,2.029,0.537,-3.62,2715.3,n/a,-21.41,0.035,2.345,49.68,2.034,2.372,-0.05,-3.59,1900.0,,
HALF GATE,CHIP,C5,2.159,0.077,0.0,1838.6,n/a,-9.38,0.049,4.809,49.92,2.165,4.865,-0.05,0.0,1900.0,,
HALF GATE,CHIP,C6,2.364,-0.036,0.0,3624.5,n/a,-10.06,0.096,9.318,50.26,2.369,9.426,-0.05,0.0,1900.0,,
HARVEST LUTE,PLUCK,C2,0.764,-0.425,-99.0,0.0,n/a,-99.0,0.0,0.0,44.16,0.762,0.0,0.0,-99.0,310.0,,
HARVEST LUTE,PLUCK,C3,0.889,-0.46,-99.0,0.0,n/a,-99.0,0.0,0.001,43.97,0.887,0.001,0.0,-99.0,600.0,,
HARVEST LUTE,PLUCK,C4,0.992,-0.5,-7.54,1209.5,n/a,-26.34,0.0,0.008,40.3,0.989,0.007,0.58,-7.44,530.0,,
HARVEST LUTE,PLUCK,C5,1.199,-0.883,0.0,1865.3,n/a,-21.25,0.0,0.042,33.88,1.197,0.042,0.0,0.0,380.0,,
HARVEST LUTE,PLUCK,C6,1.518,-0.882,-99.0,0.0,n/a,-99.0,0.0,0.183,30.9,1.516,0.194,-0.25,-99.0,170.0,,
HOLLOW GEODE,PLUCK,C2,0.924,-0.265,-6.34,1300.1,n/a,-28.32,0.0,0.006,51.01,0.909,0.005,0.79,-99.0,1640.0,,
HOLLOW GEODE,PLUCK,C3,1.15,-0.199,2.8,1209.5,n/a,-11.01,0.0,0.082,52.49,1.131,0.059,1.43,2.08,1890.0,,
HOLLOW GEODE,PLUCK,C4,1.399,-0.093,1.97,2093.8,n/a,-14.26,0.0,2.144,53.52,1.379,1.572,1.35,1.1,1630.0,,
HOLLOW GEODE,PLUCK,C5,1.729,-0.353,0.0,1812.2,n/a,-0.68,0.003,3.62,53.05,1.703,2.872,1.01,0.0,1890.0,,
HOLLOW GEODE,PLUCK,C6,2.262,-0.138,0.0,3624.5,n/a,-0.87,0.281,41.319,54.92,2.226,39.192,0.23,0.0,1430.0,,
HOLLOW HALL,KEYS,C2,0.872,-0.318,-99.0,0.0,n/a,-99.0,0.0,0.002,49.39,0.873,0.002,0.0,-99.0,1890.0,,
HOLLOW HALL,KEYS,C3,1.094,-0.255,-8.34,1209.5,n/a,-23.64,0.0,0.019,50.63,1.095,0.02,-0.22,-8.26,1890.0,,
HOLLOW HALL,KEYS,C4,1.301,-0.191,-6.34,1209.5,n/a,-16.74,0.0,0.171,51.27,1.303,0.178,-0.17,-6.28,1890.0,,
HOLLOW HALL,KEYS,C5,1.569,-0.513,0.0,1838.6,n/a,-10.82,0.0,1.163,51.06,1.571,1.202,-0.14,0.0,1890.0,,
HOLLOW HALL,KEYS,C6,1.972,-0.428,0.0,3677.2,n/a,-13.05,0.002,4.31,51.53,1.975,4.42,-0.11,0.0,1890.0,,
ICICLE HARP,PLUCK,C2,1.028,-0.161,-11.12,1281.4,n/a,-28.6,0.0,0.049,44.24,1.018,0.041,0.77,-11.43,580.0,,
ICICLE HARP,PLUCK,C3,1.258,-0.091,-2.76,1591.4,n/a,-20.86,0.001,0.251,43.0,1.243,0.22,0.57,-3.1,860.0,,
ICICLE HARP,PLUCK,C4,1.501,0.009,-3.49,1209.5,n/a,-5.48,0.008,1.176,43.19,1.486,1.093,0.32,-3.81,870.0,,
ICICLE HARP,PLUCK,C5,1.814,-0.268,-0.48,1591.4,n/a,-0.48,0.049,16.553,44.5,1.806,15.018,0.42,-0.64,630.0,,
ICICLE HARP,PLUCK,C6,2.386,-0.014,-1.51,3182.7,n/a,-1.51,0.534,53.811,44.03,2.38,51.426,0.2,-1.78,870.0,,
JINGLE SPRING,CHIP,C2,1.62,0.431,-3.21,1502.1,n/a,-21.03,0.017,2.315,44.13,1.624,2.34,-0.05,-3.2,1900.0,,
JINGLE SPRING,CHIP,C3,1.736,0.387,-4.35,3372.0,n/a,-24.26,0.032,3.888,45.62,1.74,3.931,-0.05,-4.32,1900.0,,
JINGLE SPRING,CHIP,C4,1.999,0.507,3.14,1812.2,n/a,-9.36,0.037,5.262,47.29,2.004,5.321,-0.05,3.14,740.0,,
JINGLE SPRING,CHIP,C5,2.229,0.147,1.94,3624.5,n/a,-17.68,0.03,5.381,49.75,2.234,5.448,-0.05,1.95,1310.0,,
JINGLE SPRING,CHIP,C6,2.437,0.037,-1.37,7249.0,n/a,-22.86,0.054,32.459,50.51,2.443,32.572,-0.02,-1.34,1610.0,,
KALIMBA COVE,PLUCK,C2,0.639,-0.55,-99.0,0.0,n/a,-99.0,0.0,0.0,43.67,0.638,0.0,0.0,-99.0,430.0,,
KALIMBA COVE,PLUCK,C3,0.727,-0.622,-99.0,0.0,n/a,-99.0,0.0,0.0,44.66,0.727,0.0,0.0,-99.0,430.0,,
KALIMBA COVE,PLUCK,C4,0.8,-0.692,-99.0,0.0,n/a,-99.0,0.0,0.0,44.97,0.801,0.0,0.0,-99.0,420.0,,
KALIMBA COVE,PLUCK,C5,0.946,-1.136,-99.0,0.0,n/a,-99.0,0.0,0.001,40.69,0.951,0.001,0.0,-99.0,390.0,,
KALIMBA COVE,PLUCK,C6,1.317,-1.083,-99.0,0.0,n/a,-99.0,0.0,0.012,31.43,1.322,0.013,-0.35,-99.0,290.0,,
KILN FIFE,LEAD,C2,1.657,0.468,-3.27,1459.3,n/a,-22.97,0.026,0.716,48.32,1.628,0.687,0.18,-3.29,1880.0,,
KILN FIFE,LEAD,C3,1.688,0.339,-3.94,1357.6,n/a,-24.78,0.05,1.437,50.61,1.659,1.381,0.17,-3.96,1890.0,,
KILN FIFE,LEAD,C4,1.838,0.346,-3.38,3784.9,n/a,-28.03,0.111,2.762,51.72,1.806,2.653,0.17,-3.51,1880.0,,
KILN FIFE,LEAD,C5,2.097,0.015,-2.4,1591.4,n/a,-12.06,0.216,6.011,52.67,2.06,5.819,0.14,-2.41,1890.0,,
KILN FIFE,LEAD,C6,2.484,0.084,-3.58,4501.1,n/a,-17.05,0.371,16.721,52.79,2.439,16.24,0.13,-3.72,1900.0,,
LAGOON KEYS,KEYS,C2,0.91,-0.279,-6.89,1245.0,n/a,-22.95,0.0,0.03,49.79,0.911,0.031,-0.14,-6.65,1900.0,,
LAGOON KEYS,KEYS,C3,1.123,-0.226,-0.77,1357.6,n/a,-16.2,0.0,0.277,50.27,1.125,0.288,-0.17,-0.7,1900.0,,
LAGOON KEYS,KEYS,C4,1.419,-0.073,-1.84,3137.1,n/a,-20.81,0.0,1.502,50.29,1.421,1.55,-0.14,-1.81,1890.0,,
LAGOON KEYS,KEYS,C5,1.841,-0.241,-1.33,1591.4,n/a,-1.33,0.004,12.075,50.9,1.844,12.243,-0.06,-1.32,1900.0,,
LAGOON KEYS,KEYS,C6,2.375,-0.025,-1.22,3182.7,n/a,-1.22,0.047,52.904,51.51,2.379,53.194,-0.02,-1.19,1900.0,,
LANTERN OIL,BASS,C1,0.602,-0.101,-99.0,0.0,n/a,-99.0,0.0,0.0,45.39,0.602,0.0,0.0,-99.0,1900.0,,
LANTERN OIL,BASS,C2,0.595,-0.595,-99.0,0.0,n/a,-99.0,0.0,0.0,47.67,0.595,0.0,0.0,-99.0,1900.0,,
LANTERN OIL,BASS,C3,0.612,-0.737,-99.0,0.0,n/a,-99.0,0.0,0.0,49.26,0.611,0.0,0.0,-99.0,1890.0,,
LANTERN OIL,BASS,C4,0.706,-0.786,-99.0,0.0,n/a,-99.0,0.0,0.0,49.62,0.706,0.0,0.0,-99.0,1900.0,,
LICHEN HARMONIUM,KEYS,C2,1.319,0.129,-7.8,1209.5,n/a,-29.71,0.005,0.015,48.6,1.314,0.015,0.0,-7.72,1680.0,,
LICHEN HARMONIUM,KEYS,C3,1.555,0.206,-7.37,1357.6,n/a,-26.39,0.011,0.022,49.59,1.549,0.022,0.0,-7.3,1750.0,,
LICHEN HARMONIUM,KEYS,C4,1.72,0.228,-5.89,1209.5,n/a,-19.05,0.013,0.022,51.98,1.718,0.023,-0.19,-5.81,720.0,,
LICHEN HARMONIUM,KEYS,C5,2.01,-0.072,0.0,1838.6,n/a,-20.51,0.03,0.049,51.55,2.004,0.051,-0.17,0.0,440.0,,
LICHEN HARMONIUM,KEYS,C6,2.336,-0.064,-99.0,0.0,n/a,-99.0,0.137,0.079,46.85,2.335,0.096,-0.85,-99.0,910.0,,
LOAM FLOOR,BASS,C1,0.424,-0.279,-99.0,0.0,n/a,-99.0,0.0,0.0,36.37,0.425,0.0,0.0,-99.0,1890.0,,
LOAM FLOOR,BASS,C2,0.363,-0.827,-99.0,0.0,n/a,-99.0,0.0,0.0,42.61,0.365,0.0,0.0,-99.0,1880.0,,
LOAM FLOOR,BASS,C3,0.413,-0.936,-99.0,0.0,n/a,-99.0,0.0,0.0,46.69,0.414,0.0,0.0,-99.0,1890.0,,
LOAM FLOOR,BASS,C4,0.539,-0.953,-99.0,0.0,n/a,-99.0,0.0,0.0,47.77,0.54,0.0,0.0,-99.0,1890.0,,
MAGMA FLOOR,BASS,C1,1.848,1.145,-99.0,0.0,n/a,-99.0,0.004,0.011,43.26,1.865,0.013,-0.73,-99.0,1970.0,,
MAGMA FLOOR,BASS,C2,1.783,0.593,-99.0,0.0,n/a,-99.0,0.005,0.012,46.28,1.81,0.016,-1.25,-99.0,1900.0,,
MAGMA FLOOR,BASS,C3,1.724,0.375,-99.0,0.0,n/a,-99.0,0.013,0.017,47.68,1.759,0.026,-1.85,-99.0,1890.0,,
MAGMA FLOOR,BASS,C4,1.821,0.329,-99.0,0.0,n/a,-99.0,0.026,0.027,47.61,1.862,0.039,-1.6,-99.0,1900.0,,
MAGMA WHIP,LEAD,C2,1.564,0.375,-3.35,1209.5,n/a,-21.29,0.008,0.626,45.95,1.509,0.54,0.64,-3.42,1880.0,,
MAGMA WHIP,LEAD,C3,1.592,0.243,-2.77,1245.0,n/a,-23.74,0.017,1.184,48.23,1.536,1.018,0.66,-2.82,1890.0,,
MAGMA WHIP,LEAD,C4,1.733,0.241,-3.01,2454.2,n/a,-24.44,0.032,2.545,49.6,1.672,2.218,0.6,-3.24,1880.0,,
MAGMA WHIP,LEAD,C5,2.0,-0.082,-2.44,1591.4,n/a,-9.95,0.053,4.724,50.14,1.931,4.137,0.58,-2.5,1890.0,,
MAGMA WHIP,LEAD,C6,2.383,-0.017,-3.05,3182.7,n/a,-11.55,0.193,16.08,50.53,2.301,14.644,0.41,-3.25,1900.0,,
MALLET FALLS,PLUCK,C2,0.534,-0.655,-99.0,0.0,n/a,-99.0,0.0,0.0,43.41,0.534,0.0,0.0,-99.0,300.0,,
MALLET FALLS,PLUCK,C3,0.698,-0.651,-99.0,0.0,n/a,-99.0,0.0,0.0,44.45,0.698,0.0,0.0,-99.0,320.0,,
MALLET FALLS,PLUCK,C4,0.921,-0.571,-2.68,1377.4,n/a,-24.99,0.0,0.007,44.4,0.921,0.007,0.0,-2.73,330.0,,
MALLET FALLS,PLUCK,C5,1.256,-0.826,-8.3,1591.4,n/a,-8.3,0.0,0.18,43.93,1.256,0.168,0.3,-8.58,320.0,,
MALLET FALLS,PLUCK,C6,1.752,-0.648,-9.62,3182.7,n/a,-9.62,0.0,8.818,43.72,1.754,8.272,0.28,-9.93,310.0,,
MAMMOTH STEP,BASS,C1,0.643,-0.06,-99.0,0.0,n/a,-99.0,0.0,0.0,42.5,0.643,0.0,0.0,-99.0,510.0,,
MAMMOTH STEP,BASS,C2,0.634,-0.555,-99.0,0.0,n/a,-99.0,0.0,0.0,45.43,0.634,0.0,0.0,-99.0,270.0,,
MAMMOTH STEP,BASS,C3,0.65,-0.699,-99.0,0.0,n/a,-99.0,0.0,0.0,43.78,0.65,0.0,0.0,-99.0,490.0,,
MAMMOTH STEP,BASS,C4,0.711,-0.781,-99.0,0.0,n/a,-99.0,0.0,0.0,43.66,0.712,0.0,0.0,-99.0,570.0,,
MARIMBA MESA,PLUCK,C2,0.378,-0.811,-99.0,0.0,n/a,-99.0,0.0,0.0,40.19,0.379,0.0,0.0,-99.0,270.0,,
MARIMBA MESA,PLUCK,C3,0.54,-0.809,-99.0,0.0,n/a,-99.0,0.0,0.0,43.76,0.542,0.0,0.0,-99.0,250.0,,
MARIMBA MESA,PLUCK,C4,0.737,-0.755,-99.0,0.0,n/a,-99.0,0.0,0.0,41.5,0.739,0.0,0.0,-99.0,260.0,,
MARIMBA MESA,PLUCK,C5,1.068,-1.014,0.0,1838.6,n/a,-26.12,0.0,0.005,43.19,1.071,0.005,0.0,0.0,250.0,,
MARIMBA MESA,PLUCK,C6,1.589,-0.811,0.0,3677.2,n/a,-29.05,0.0,0.205,43.0,1.592,0.202,0.06,0.0,250.0,,
MEADOW SUNDAY,KEYS,C2,0.715,-0.475,-99.0,0.0,n/a,-99.0,0.0,0.0,46.4,0.715,0.0,0.0,-99.0,1800.0,,
MEADOW SUNDAY,KEYS,C3,0.906,-0.443,-18.48,1209.5,n/a,-29.31,0.0,0.008,45.62,0.906,0.008,0.0,-18.42,1890.0,,
MEADOW SUNDAY,KEYS,C4,1.166,-0.326,-8.96,1812.2,n/a,-23.68,0.0,0.224,43.28,1.167,0.229,-0.1,-8.92,1890.0,,
MEADOW SUNDAY,KEYS,C5,1.43,-0.652,0.0,1838.6,n/a,-15.04,0.0,0.42,49.05,1.431,0.434,-0.14,0.0,1890.0,,
MEADOW SUNDAY,KEYS,C6,1.923,-0.477,0.0,3677.2,n/a,-22.39,0.0,1.875,50.37,1.923,1.928,-0.12,0.0,1890.0,,
MIDAS MODE,CHIP,C2,1.632,0.442,-3.38,2034.2,n/a,-27.05,0.014,2.217,45.61,1.636,2.244,-0.05,-3.37,410.0,,
MIDAS MODE,CHIP,C3,1.879,0.53,-1.74,1357.6,n/a,-12.34,0.105,4.994,45.96,1.883,5.028,-0.03,-1.74,520.0,,
MIDAS MODE,CHIP,C4,2.268,0.776,9.71,1812.2,n/a,-19.96,0.127,2.647,51.65,2.271,2.655,-0.01,9.71,410.0,FIXPEAK,
MIDAS MODE,CHIP,C5,2.837,0.756,0.0,1591.4,n/a,0.0,1.399,18.416,48.67,2.838,18.422,-0.0,0.0,1110.0,SHARP,
MIDAS MODE,CHIP,C6,3.208,0.808,0.71,7249.0,n/a,-17.54,1.802,40.831,51.89,3.209,40.829,0.0,0.71,1510.0,SHARP,
MIRROR LAKE,LEAD,C2,1.611,0.421,-2.71,2562.9,n/a,-24.7,0.025,3.792,48.43,1.615,3.83,-0.04,-2.69,1880.0,,
MIRROR LAKE,LEAD,C3,1.726,0.377,0.17,1568.6,n/a,-11.3,0.04,5.995,50.13,1.73,6.054,-0.04,0.17,1880.0,,
MIRROR LAKE,LEAD,C4,2.005,0.513,3.06,2715.3,n/a,-13.86,0.074,9.711,51.58,2.01,9.798,-0.04,3.09,880.0,,
MIRROR LAKE,LEAD,C5,2.367,0.285,0.0,1591.4,n/a,0.0,0.116,25.096,53.16,2.373,25.218,-0.02,0.0,720.0,,
MIRROR LAKE,LEAD,C6,2.762,0.362,-0.46,3182.7,n/a,-0.46,0.165,70.352,53.91,2.767,70.524,-0.01,-0.44,660.0,,
MOSS BOY,CHIP,C2,1.744,0.554,-2.14,1245.0,n/a,-22.69,0.051,0.676,50.5,1.746,0.678,-0.01,-2.14,1900.0,,
MOSS BOY,CHIP,C3,1.896,0.547,-2.22,2454.2,n/a,-24.48,0.102,1.273,51.55,1.898,1.276,-0.01,-2.22,1900.0,,
MOSS BOY,CHIP,C4,2.061,0.569,-0.22,1812.2,n/a,-14.36,0.196,2.482,52.06,2.063,2.488,-0.01,-0.22,410.0,,
MOSS BOY,CHIP,C5,2.387,0.305,0.75,3624.5,n/a,-15.26,0.411,5.36,51.98,2.388,5.375,-0.01,0.76,410.0,,
MOSS BOY,CHIP,C6,2.763,0.363,1.42,7145.0,n/a,-16.9,0.874,31.225,52.66,2.764,31.241,-0.0,1.43,410.0,,
MOTH DUST,PAD,C2,1.513,0.323,-5.88,1459.3,n/a,-22.37,0.064,0.666,47.19,1.514,0.686,-0.13,-5.85,1610.0,,
MOTH DUST,PAD,C3,1.697,0.348,-3.74,1812.2,n/a,-20.36,0.093,1.077,48.57,1.698,1.107,-0.12,-3.68,420.0,,
MOTH DUST,PAD,C4,1.867,0.375,-6.57,1377.4,n/a,-22.53,0.041,0.232,59.26,1.868,0.238,-0.11,-6.55,410.0,,
MOTH DUST,PAD,C5,2.169,0.087,-0.91,1838.6,n/a,-9.1,0.187,5.446,48.9,2.17,5.588,-0.11,-0.86,1070.0,,
MOTH DUST,PAD,C6,2.561,0.161,-2.41,5430.6,n/a,-27.27,0.308,4.411,52.78,2.561,4.498,-0.08,-2.41,1010.0,,
MUTE WIRE,PLUCK,C2,0.395,-0.794,-99.0,0.0,n/a,-99.0,0.0,0.0,42.55,0.397,0.0,0.0,-99.0,450.0,,
MUTE WIRE,PLUCK,C3,0.576,-0.773,-99.0,0.0,n/a,-99.0,0.0,0.0,44.16,0.578,0.0,0.0,-99.0,460.0,,
MUTE WIRE,PLUCK,C4,0.806,-0.686,-99.0,0.0,n/a,-99.0,0.0,0.0,44.47,0.807,0.0,0.0,-99.0,450.0,,
MUTE WIRE,PLUCK,C5,1.192,-0.89,0.0,1838.6,n/a,-20.94,0.0,0.025,44.44,1.193,0.024,0.18,0.0,440.0,,
MUTE WIRE,PLUCK,C6,1.787,-0.613,0.0,3677.2,n/a,-22.11,0.0,0.777,44.94,1.789,0.726,0.29,0.0,440.0,,
NARROW GATE,CHIP,C2,1.801,0.611,-0.75,1502.1,n/a,-20.5,0.154,1.858,51.74,1.802,1.858,0.0,-0.75,1890.0,,
NARROW GATE,CHIP,C3,1.968,0.619,2.15,1357.6,n/a,-11.86,0.29,3.716,52.51,1.969,3.717,-0.0,2.15,1870.0,,
NARROW GATE,CHIP,C4,2.261,0.769,1.51,3137.1,n/a,-12.92,0.709,7.419,52.98,2.262,7.421,-0.0,1.52,1890.0,,
NARROW GATE,CHIP,C5,2.663,0.581,1.29,6274.2,n/a,-13.68,1.451,19.559,53.8,2.664,19.563,-0.0,1.3,1860.0,,
NARROW GATE,CHIP,C6,3.142,0.742,-0.84,3182.7,n/a,-0.84,2.807,60.684,54.63,3.144,60.681,0.0,-0.84,1900.0,SHARP,
NEEDLE SPIRE,LEAD,C2,1.663,0.474,-5.06,1661.8,n/a,-25.83,0.047,1.906,50.7,1.667,1.915,-0.02,-5.05,1890.0,,
NEEDLE SPIRE,LEAD,C3,1.794,0.445,0.11,1568.6,n/a,-16.99,0.101,4.253,51.0,1.798,4.273,-0.02,0.11,720.0,,
NEEDLE SPIRE,LEAD,C4,2.053,0.561,2.95,3137.1,n/a,-16.43,0.222,7.425,51.9,2.057,7.457,-0.02,2.95,660.0,,
NEEDLE SPIRE,LEAD,C5,2.417,0.335,-0.39,1591.4,n/a,-0.39,0.412,17.746,52.95,2.422,17.798,-0.01,-0.39,610.0,,
NEEDLE SPIRE,LEAD,C6,2.762,0.362,-2.51,3677.2,n/a,-7.46,0.709,60.571,53.61,2.767,60.645,-0.01,-2.5,1760.0,,
NIGHT LAKE,FX,C2,1.111,-0.079,-99.0,0.0,n/a,-99.0,0.001,0.001,48.15,1.109,0.001,0.0,-99.0,980.0,,
NIGHT LAKE,FX,C3,1.179,-0.17,-99.0,0.0,n/a,-99.0,0.001,0.003,49.92,1.178,0.003,0.0,-99.0,1040.0,,
NIGHT LAKE,FX,C4,1.431,-0.061,-99.0,0.0,n/a,-99.0,0.005,0.009,47.29,1.43,0.009,0.0,-99.0,1270.0,,
NORTH SPUR,LEAD,C2,1.439,0.25,-4.18,2034.2,n/a,-28.54,0.003,1.398,46.04,1.443,1.421,-0.07,-4.16,1870.0,,
NORTH SPUR,LEAD,C3,1.633,0.284,-4.33,1209.5,n/a,-26.23,0.004,0.517,54.29,1.637,0.523,-0.05,-4.33,430.0,,
NORTH SPUR,LEAD,C4,2.029,0.537,-2.54,1209.5,n/a,-8.47,0.098,6.015,48.8,2.033,6.053,-0.03,-2.54,1100.0,,
NORTH SPUR,LEAD,C5,2.542,0.46,-3.71,4501.1,n/a,-23.63,0.277,12.243,51.06,2.546,12.268,-0.01,-3.69,1050.0,,
NORTH SPUR,LEAD,C6,3.018,0.618,-4.32,3677.2,n/a,-15.2,0.834,17.229,52.91,3.021,17.236,-0.0,-4.32,1700.0,,
OBOE MESA,LEAD,C2,1.358,0.169,-4.54,1245.0,n/a,-26.49,0.0,0.477,47.23,1.361,0.487,-0.09,-4.53,1890.0,,
OBOE MESA,LEAD,C3,1.502,0.153,-3.72,2005.0,n/a,-24.1,0.001,1.53,46.64,1.505,1.562,-0.09,-3.69,1880.0,,
OBOE MESA,LEAD,C4,1.7,0.208,-3.53,2715.3,n/a,-26.83,0.002,1.606,49.65,1.704,1.639,-0.09,-3.49,1890.0,,
OBOE MESA,LEAD,C5,2.02,-0.062,0.0,1838.6,n/a,-12.83,0.003,3.17,49.74,2.024,3.234,-0.09,0.0,1890.0,,
OBOE MESA,LEAD,C6,2.448,0.048,0.0,3677.2,n/a,-14.88,0.007,5.507,49.88,2.451,5.623,-0.09,0.0,1760.0,,
OWL COURIER,CHIP,C2,1.164,-0.026,-4.21,1397.4,n/a,-24.09,0.0,0.092,45.02,1.167,0.095,-0.14,-4.18,1900.0,,
OWL COURIER,CHIP,C3,1.399,0.05,-4.02,1686.0,n/a,-28.87,0.0,0.421,48.01,1.402,0.43,-0.09,-4.0,1890.0,,
OWL COURIER,CHIP,C4,1.75,0.258,-4.49,2454.2,n/a,-26.06,0.008,1.169,49.42,1.755,1.183,-0.05,-4.48,1900.0,,
OWL COURIER,CHIP,C5,2.196,0.115,-3.27,3182.7,n/a,-20.82,0.114,2.951,49.99,2.2,2.962,-0.02,-3.26,1890.0,,
OWL COURIER,CHIP,C6,2.798,0.398,-1.8,4501.1,n/a,-16.83,0.578,6.624,50.47,2.799,6.626,-0.0,-1.79,1900.0,,
PERMAFROST,PAD,C2,0.982,-0.208,-2.45,2218.3,n/a,-29.05,0.0,0.244,45.82,0.98,0.227,0.31,-2.55,870.0,,
PERMAFROST,PAD,C3,1.231,-0.118,4.92,1281.4,n/a,-11.13,0.0,0.824,45.96,1.228,0.766,0.32,4.8,490.0,,
PERMAFROST,PAD,C4,1.37,-0.122,-8.55,1209.5,n/a,-25.9,0.0,0.15,59.75,1.365,0.14,0.3,-8.62,410.0,,
PERMAFROST,PAD,C5,1.897,-0.185,-0.56,2715.3,n/a,-11.45,0.001,13.189,49.19,1.892,12.658,0.18,-0.63,1100.0,,
PERMAFROST,PAD,C6,2.328,-0.072,-4.29,5430.6,n/a,-26.53,0.009,20.893,52.74,2.321,20.454,0.09,-4.32,1050.0,,
PIXEL ANCHOR,BASS,C1,1.449,0.746,-99.0,0.0,n/a,-99.0,0.003,0.003,42.69,1.454,0.003,0.0,-99.0,1900.0,,
PIXEL ANCHOR,BASS,C2,1.463,0.274,-99.0,0.0,n/a,-99.0,0.003,0.004,45.71,1.465,0.004,0.0,-99.0,1900.0,,
PIXEL ANCHOR,BASS,C3,1.511,0.162,-99.0,0.0,n/a,-99.0,0.008,0.009,47.37,1.513,0.01,-0.46,-99.0,1890.0,,
PIXEL ANCHOR,BASS,C4,1.73,0.238,-99.0,0.0,n/a,-99.0,0.018,0.019,47.15,1.732,0.02,-0.22,-99.0,1900.0,,
POLAR DAWN,PAD,C2,1.433,0.244,-5.16,1281.4,n/a,-19.32,0.003,2.691,43.71,1.436,2.739,-0.08,-5.15,610.0,,
POLAR DAWN,PAD,C3,1.531,0.182,-4.99,1209.5,n/a,-11.85,0.005,4.368,45.06,1.534,4.443,-0.07,-4.98,780.0,,
POLAR DAWN,PAD,C4,1.782,0.29,0.5,1377.4,n/a,-10.64,0.008,6.726,46.76,1.786,6.833,-0.07,0.52,620.0,,
POLAR DAWN,PAD,C5,2.125,0.043,0.0,1591.4,n/a,0.0,0.016,11.83,47.43,2.129,12.004,-0.06,0.0,540.0,,
POLAR DAWN,PAD,C6,2.481,0.081,-2.96,5430.6,n/a,-24.23,0.021,30.437,51.12,2.485,30.647,-0.03,-2.88,500.0,,
POWER CUT,FX,C2,1.792,0.603,-3.6,1480.5,n/a,-28.42,0.055,0.438,43.98,1.794,0.439,-0.01,-3.6,1900.0,,
POWER CUT,FX,C3,1.791,0.442,-99.0,0.0,n/a,-99.0,0.093,0.743,47.14,1.793,0.744,-0.01,-99.0,1900.0,,
POWER CUT,FX,C4,1.799,0.307,-4.26,2186.5,n/a,-29.85,0.186,1.485,48.97,1.801,1.488,-0.01,-4.26,1900.0,,
POWER PELLET,CHIP,C2,1.787,0.597,-1.46,3276.0,n/a,-29.77,0.186,2.323,49.71,1.788,2.324,-0.0,-1.45,580.0,,
POWER PELLET,CHIP,C3,1.834,0.485,-1.82,2526.1,n/a,-20.03,0.354,4.006,50.9,1.834,4.008,-0.0,-1.82,1600.0,,
POWER PELLET,CHIP,C4,1.973,0.481,-2.0,2063.8,n/a,-15.07,0.781,6.509,51.58,1.973,6.511,-0.0,-2.0,1090.0,,
POWER PELLET,CHIP,C5,2.177,0.095,-3.62,4127.5,n/a,-16.36,1.371,12.06,51.85,2.175,12.043,0.01,-3.39,1840.0,,
POWER PELLET,CHIP,C6,2.463,0.063,-2.85,3372.0,n/a,-3.8,2.426,26.974,52.55,2.464,26.975,-0.0,-2.85,1840.0,,
PUDDLE PING,CHIP,C2,1.759,0.569,-1.54,1502.1,n/a,-21.8,0.133,1.257,45.58,1.76,1.258,-0.0,-1.54,1900.0,,
PUDDLE PING,CHIP,C3,1.896,0.547,0.37,1357.6,n/a,-13.13,0.25,2.55,46.24,1.896,2.551,-0.0,0.37,1900.0,,
PUDDLE PING,CHIP,C4,2.088,0.596,0.1,3137.1,n/a,-16.54,0.596,5.034,46.51,2.088,5.036,-0.0,0.1,1900.0,,
PUDDLE PING,CHIP,C5,2.346,0.264,0.58,6274.2,n/a,-19.93,1.318,16.625,47.01,2.346,16.628,-0.0,0.58,1900.0,,
PUDDLE PING,CHIP,C6,2.659,0.259,-1.48,3182.7,n/a,-1.48,2.751,53.92,47.23,2.659,53.918,0.0,-1.48,1900.0,,
QUARRY KICK,PERC,C2,1.802,0.613,-99.0,0.0,n/a,-99.0,0.006,0.017,45.92,1.817,0.019,-0.48,-99.0,350.0,,
QUARRY KICK,PERC,C3,1.976,0.627,-99.0,0.0,n/a,-99.0,0.024,0.072,42.74,1.974,0.083,-0.62,-99.0,360.0,,
QUARRY KICK,PERC,C4,2.078,0.586,-99.0,0.0,n/a,-99.0,0.11,0.325,36.81,2.082,0.354,-0.37,-1.85,340.0,,
RESONANT LODE,LEAD,C2,1.512,0.323,7.14,1300.1,mixed,-18.17,0.005,1.196,48.32,1.515,1.217,-0.08,7.15,470.0,,
RESONANT LODE,LEAD,C3,1.925,0.576,12.29,1281.4,mixed,-10.65,0.108,2.237,49.42,1.928,2.257,-0.04,12.29,760.0,,
RESONANT LODE,LEAD,C4,2.06,0.568,15.88,2250.5,mixed,-13.26,0.069,8.192,50.29,2.064,8.263,-0.04,15.9,660.0,,
RESONANT LODE,LEAD,C5,2.666,0.584,15.96,4501.1,mixed,-11.41,0.428,7.724,51.54,2.668,7.758,-0.02,15.98,960.0,,
RESONANT LODE,LEAD,C6,3.142,0.742,5.51,3182.7,mixed,0.0,3.073,81.999,52.15,3.144,82.039,-0.0,5.53,940.0,SHARP,
RUMBLE SHEET,PERC,C2,0.366,-0.824,-99.0,0.0,n/a,-99.0,0.0,0.0,41.02,0.369,0.0,0.0,-99.0,780.0,,
RUMBLE SHEET,PERC,C3,0.394,-0.955,-99.0,0.0,n/a,-99.0,0.0,0.0,44.43,0.397,0.0,0.0,-99.0,790.0,,
RUMBLE SHEET,PERC,C4,0.408,-1.084,-99.0,0.0,n/a,-99.0,0.0,0.0,42.36,0.412,0.0,0.0,-99.0,660.0,,
SCANLINE SOLO,CHIP,C2,1.584,0.395,-0.94,1502.1,n/a,-20.76,0.017,1.462,51.25,1.588,1.478,-0.05,-0.93,1890.0,,
SCANLINE SOLO,CHIP,C3,1.723,0.374,2.01,1357.6,n/a,-12.04,0.031,2.97,51.95,1.727,3.001,-0.05,2.02,1870.0,,
SCANLINE SOLO,CHIP,C4,1.914,0.422,1.22,3137.1,n/a,-13.81,0.088,6.04,52.29,1.919,6.1,-0.04,1.24,1890.0,,
SCANLINE SOLO,CHIP,C5,2.131,0.049,0.02,6274.2,n/a,-17.33,0.176,17.113,52.9,2.136,17.223,-0.03,0.05,1900.0,,
SCANLINE SOLO,CHIP,C6,2.366,-0.034,-1.19,3182.7,n/a,-1.19,0.296,57.242,53.24,2.372,57.452,-0.02,-1.17,1900.0,,
SHARDSTORM,LEAD,C2,1.512,0.323,3.49,1319.0,mixed,-18.69,0.006,1.588,48.35,1.493,1.46,0.36,3.44,1240.0,,
SHARDSTORM,LEAD,C3,1.786,0.437,10.76,1281.4,mixed,-11.84,0.034,2.16,49.87,1.764,2.029,0.27,10.73,640.0,,
SHARDSTORM,LEAD,C4,2.053,0.561,10.62,2250.5,mixed,-13.84,0.096,8.027,50.8,2.029,7.799,0.13,10.56,1270.0,,
SHARDSTORM,LEAD,C5,2.418,0.337,11.74,4501.1,mixed,-10.77,0.322,10.266,50.97,2.396,10.059,0.09,11.61,1590.0,,
SHARDSTORM,LEAD,C6,3.157,0.757,3.95,3182.7,mixed,0.0,3.06,79.446,54.05,3.138,79.542,-0.01,3.92,1030.0,SHARP,
SILVER BIRCH,PAD,C2,1.364,0.175,1.84,1786.3,n/a,-19.4,0.001,1.733,47.67,1.367,1.773,-0.1,1.87,1270.0,,
SILVER BIRCH,PAD,C3,1.501,0.152,2.27,1300.1,n/a,-11.07,0.003,3.389,48.79,1.504,3.46,-0.09,2.29,530.0,,
SILVER BIRCH,PAD,C4,1.691,0.199,0.85,1377.4,n/a,-21.1,0.001,1.458,54.99,1.695,1.49,-0.09,0.88,410.0,,
SILVER BIRCH,PAD,C5,2.026,-0.056,-1.33,2754.8,n/a,-15.49,0.004,11.241,52.04,2.03,11.417,-0.07,-1.3,1110.0,,
SILVER BIRCH,PAD,C6,2.354,-0.046,-3.97,3677.2,n/a,-20.89,0.005,6.322,55.86,2.357,6.422,-0.07,-3.91,620.0,,
SINKHOLE,FX,C2,0.515,-0.674,-99.0,0.0,n/a,-99.0,0.0,0.0,40.81,0.515,0.0,0.0,-99.0,520.0,,
SINKHOLE,FX,C3,0.693,-0.656,-99.0,0.0,n/a,-99.0,0.0,0.0,46.33,0.693,0.0,0.0,-99.0,1600.0,,
SINKHOLE,FX,C4,0.714,-0.778,-99.0,0.0,n/a,-99.0,0.0,0.0,47.99,0.715,0.0,0.0,-99.0,1590.0,,
SMOKE SIGNAL,PAD,C2,1.183,-0.006,-3.94,1227.1,n/a,-16.46,0.012,0.556,46.17,1.185,0.576,-0.15,-3.9,410.0,,
SMOKE SIGNAL,PAD,C3,1.282,-0.067,-2.14,2250.5,n/a,-28.54,0.014,0.408,49.42,1.284,0.423,-0.16,-2.09,460.0,,
SMOKE SIGNAL,PAD,C4,1.466,-0.026,-6.23,1377.4,n/a,-18.19,0.027,0.301,54.27,1.468,0.312,-0.16,-6.21,410.0,,
SMOKE SIGNAL,PAD,C5,1.757,-0.325,0.0,1838.6,n/a,-14.34,0.022,2.065,50.18,1.759,2.132,-0.14,0.0,1070.0,,
SMOKE SIGNAL,PAD,C6,2.209,-0.191,-5.72,3677.2,n/a,-21.09,0.108,5.273,48.61,2.21,5.391,-0.1,-5.69,1010.0,,
SNOW BERRY,PLUCK,C2,1.129,-0.06,-99.0,0.0,n/a,-99.0,0.0,0.083,41.2,1.122,0.078,0.27,-99.0,870.0,,
SNOW BERRY,PLUCK,C3,1.161,-0.188,-7.0,1812.2,n/a,-29.59,0.0,0.134,42.43,1.155,0.126,0.27,-7.2,990.0,,
SNOW BERRY,PLUCK,C4,1.23,-0.262,-4.29,1568.6,n/a,-22.53,0.0,0.202,44.4,1.223,0.191,0.24,-4.26,860.0,,
SNOW BERRY,PLUCK,C5,1.362,-0.72,-5.46,1865.3,n/a,-22.93,0.0,1.159,45.47,1.355,1.093,0.25,-5.44,520.0,,
SNOW BERRY,PLUCK,C6,1.693,-0.707,-9.67,3730.7,n/a,-24.72,0.0,5.141,41.77,1.684,4.838,0.26,-9.65,400.0,,
SNOW GLOCKEN,KEYS,C2,1.307,0.117,2.19,2350.2,n/a,-22.66,0.0,1.338,49.57,1.31,1.377,-0.12,2.24,1120.0,,
SNOW GLOCKEN,KEYS,C3,1.424,0.075,2.45,1591.4,n/a,-12.89,0.0,1.679,51.57,1.426,1.725,-0.12,2.48,1150.0,,
SNOW GLOCKEN,KEYS,C4,1.584,0.092,1.68,3182.7,n/a,-19.69,0.0,3.228,52.18,1.586,3.319,-0.12,1.74,1160.0,,
SNOW GLOCKEN,KEYS,C5,1.899,-0.183,0.0,1591.4,n/a,0.0,0.001,22.493,48.71,1.901,22.805,-0.06,0.0,930.0,,
SNOW GLOCKEN,KEYS,C6,2.288,-0.112,0.0,3182.7,n/a,0.0,0.007,99.817,48.75,2.289,99.815,0.0,0.0,1150.0,,
SONAR SHAFT,FX,C2,0.911,-0.278,-99.0,0.0,n/a,-99.0,0.0,0.002,42.21,0.908,0.002,0.0,-99.0,1640.0,,
SONAR SHAFT,FX,C3,1.026,-0.323,3.48,1209.5,n/a,-25.67,0.0,0.006,43.19,1.022,0.006,0.0,3.47,1610.0,,
SONAR SHAFT,FX,C4,1.007,-0.485,-25.36,1209.5,n/a,-25.36,0.0,0.004,40.88,1.009,0.004,0.0,-25.52,490.0,,
SPARK JUMP,PERC,C2,0.815,-0.375,-99.0,0.0,n/a,-99.0,0.0,0.002,39.15,0.815,0.002,0.0,-99.0,280.0,,
SPARK JUMP,PERC,C3,0.834,-0.515,-99.0,0.0,n/a,-99.0,0.0,0.005,41.32,0.835,0.005,0.0,-99.0,280.0,,
SPARK JUMP,PERC,C4,0.893,-0.599,-6.17,1245.0,n/a,-23.33,0.0,0.021,39.45,0.894,0.022,-0.2,-6.13,300.0,,
SPARK VEIN,PLUCK,C2,0.793,-0.396,-14.07,1209.5,n/a,-24.37,0.0,0.006,44.26,0.791,0.006,0.0,-14.17,300.0,,
SPARK VEIN,PLUCK,C3,0.999,-0.35,-3.26,1209.5,n/a,-10.63,0.0,0.029,43.97,0.996,0.027,0.31,-3.44,310.0,,
SPARK VEIN,PLUCK,C4,1.245,-0.247,0.79,1812.2,n/a,-10.11,0.0,1.201,43.25,1.243,1.105,0.36,0.61,310.0,,
SPARK VEIN,PLUCK,C5,1.616,-0.466,1.05,1591.4,n/a,0.0,0.0,4.438,42.59,1.615,4.154,0.29,0.71,300.0,,
SPARK VEIN,PLUCK,C6,2.135,-0.265,0.0,3624.5,n/a,-3.25,0.004,45.466,41.04,2.136,43.471,0.19,0.0,280.0,,
STARLESS POND,BASS,C1,1.091,0.388,-99.0,0.0,n/a,-99.0,0.001,0.002,44.2,1.092,0.002,0.0,-99.0,1400.0,,
STARLESS POND,BASS,C2,1.095,-0.095,-99.0,0.0,n/a,-99.0,0.001,0.002,47.34,1.096,0.002,0.0,-99.0,1870.0,,
STARLESS POND,BASS,C3,1.146,-0.203,-99.0,0.0,n/a,-99.0,0.003,0.006,49.0,1.147,0.006,0.0,-99.0,1860.0,,
STARLESS POND,BASS,C4,1.379,-0.113,-99.0,0.0,n/a,-99.0,0.009,0.015,48.14,1.379,0.015,0.0,-99.0,1870.0,,
STATIC FIELD,FX,C2,1.023,-0.167,-5.55,1338.2,n/a,-26.04,0.0,0.036,47.47,1.021,0.031,0.65,-5.84,990.0,,
STATIC FIELD,FX,C3,0.888,-0.461,-99.0,0.0,n/a,-99.0,0.0,0.007,50.89,0.887,0.007,0.0,-99.0,800.0,,
STATIC FIELD,FX,C4,0.733,-0.759,-99.0,0.0,n/a,-99.0,0.0,0.0,51.7,0.733,0.0,0.0,-99.0,420.0,,
STEEL CATHEDRAL,FX,C2,0.731,-0.459,-99.0,0.0,n/a,-99.0,0.0,0.001,46.97,0.732,0.001,0.0,-99.0,410.0,,
STEEL CATHEDRAL,FX,C3,0.787,-0.562,-4.9,1209.5,n/a,-21.57,0.0,0.002,42.89,0.787,0.002,0.0,-4.88,1100.0,,
STEEL CATHEDRAL,FX,C4,0.839,-0.653,-99.0,0.0,n/a,-99.0,0.0,0.002,49.02,0.839,0.002,0.0,-99.0,430.0,,
STONE SKIP,PLUCK,C2,0.77,-0.419,-99.0,0.0,n/a,-99.0,0.0,0.0,42.72,0.769,0.0,0.0,-99.0,310.0,,
STONE SKIP,PLUCK,C3,0.839,-0.51,-99.0,0.0,n/a,-99.0,0.0,0.0,43.84,0.838,0.0,0.0,-99.0,310.0,,
STONE SKIP,PLUCK,C4,0.851,-0.641,-99.0,0.0,n/a,-99.0,0.0,0.001,43.37,0.851,0.001,0.0,-99.0,310.0,,
STONE SKIP,PLUCK,C5,0.923,-1.159,0.0,1838.6,n/a,-27.56,0.0,0.002,40.77,0.925,0.002,0.0,0.0,290.0,,
STONE SKIP,PLUCK,C6,1.038,-1.362,-99.0,0.0,n/a,-99.0,0.0,0.009,35.24,1.04,0.01,-0.46,-99.0,220.0,,
STRATOSPHERE,PAD,C2,0.643,-0.546,-99.0,0.0,n/a,-99.0,0.0,0.0,41.28,0.644,0.0,0.0,-99.0,620.0,,
STRATOSPHERE,PAD,C3,0.755,-0.594,-99.0,0.0,n/a,-99.0,0.0,0.001,48.23,0.755,0.001,0.0,-99.0,420.0,,
STRATOSPHERE,PAD,C4,0.895,-0.597,-9.91,1209.5,n/a,-22.51,0.0,0.004,53.67,0.896,0.005,-0.97,-9.82,450.0,,
STRATOSPHERE,PAD,C5,1.116,-0.966,-7.0,1838.6,n/a,-17.3,0.0,0.117,54.5,1.117,0.121,-0.15,-6.93,410.0,,
STRATOSPHERE,PAD,C6,1.557,-0.843,-12.53,3182.7,n/a,-18.64,0.0,2.075,52.23,1.558,2.132,-0.12,-12.44,710.0,,
SUBGLACIAL,PAD,C2,0.414,-0.776,-99.0,0.0,n/a,-99.0,0.0,0.0,47.89,0.414,0.0,0.0,-99.0,980.0,,
SUBGLACIAL,PAD,C3,0.52,-0.829,-99.0,0.0,n/a,-99.0,0.0,0.0,49.7,0.52,0.0,0.0,-99.0,1010.0,,
SUBGLACIAL,PAD,C4,0.665,-0.827,-99.0,0.0,n/a,-99.0,0.0,0.0,49.1,0.665,0.0,0.0,-99.0,1360.0,,
SUBGLACIAL,PAD,C5,0.786,-1.296,-99.0,0.0,n/a,-99.0,0.0,0.0,55.12,0.786,0.0,0.0,-99.0,410.0,,
SUBGLACIAL,PAD,C6,1.055,-1.345,-99.0,0.0,n/a,-99.0,0.0,0.002,52.39,1.054,0.002,0.0,-99.0,420.0,,
SUNSPIKE,LEAD,C2,1.551,0.361,1.48,1209.5,mixed,-9.22,0.004,3.524,46.56,1.554,3.596,-0.09,1.49,1890.0,,
SUNSPIKE,LEAD,C3,1.78,0.431,7.91,2454.2,mixed,-14.29,0.006,9.355,48.14,1.783,9.494,-0.06,7.95,880.0,,
SUNSPIKE,LEAD,C4,2.075,0.583,5.74,1209.5,mixed,0.0,0.004,10.692,49.98,2.079,10.833,-0.06,5.75,720.0,,
SUNSPIKE,LEAD,C5,2.371,0.289,0.0,1591.4,mixed,0.0,0.04,55.511,50.56,2.374,55.846,-0.03,0.0,660.0,,
SUNSPIKE,LEAD,C6,2.806,0.406,0.0,3182.7,mixed,0.0,0.098,98.125,50.13,2.809,98.082,0.0,0.0,620.0,,
SWELL VAULT,FX,C2,1.524,0.335,-2.71,1546.1,n/a,-20.21,0.01,2.687,46.74,1.527,2.725,-0.06,-2.69,540.0,,
SWELL VAULT,FX,C3,1.591,0.242,-1.98,1568.6,n/a,-18.17,0.009,2.952,49.18,1.594,2.999,-0.07,-1.97,730.0,,
SWELL VAULT,FX,C4,1.852,0.36,0.31,1812.2,n/a,-16.0,0.014,3.824,51.69,1.856,3.877,-0.06,0.31,550.0,,
TALKING TAR,LEAD,C2,1.506,0.317,-4.0,1397.4,n/a,-29.94,0.006,0.828,47.15,1.51,0.837,-0.05,-3.99,1890.0,,
TALKING TAR,LEAD,C3,1.603,0.254,-4.96,2005.0,n/a,-27.14,0.016,2.272,47.33,1.607,2.297,-0.05,-4.95,1900.0,,
TALKING TAR,LEAD,C4,1.822,0.33,-2.2,1812.2,n/a,-21.55,0.02,2.85,49.69,1.826,2.88,-0.05,-2.19,1890.0,,
TALKING TAR,LEAD,C5,2.185,0.103,-1.05,3624.5,n/a,-22.68,0.046,5.653,49.82,2.19,5.711,-0.04,-1.04,1900.0,,
TALKING TAR,LEAD,C6,2.607,0.207,-4.15,3677.2,n/a,-15.82,0.094,14.6,50.5,2.613,14.701,-0.03,-4.13,1900.0,,
TAPE SNARE,PERC,C2,1.413,0.224,-99.0,0.0,n/a,-99.0,0.012,0.05,36.93,1.407,0.045,0.46,-99.0,170.0,,
TAPE SNARE,PERC,C3,1.426,0.077,-6.49,1209.5,n/a,-26.85,0.019,0.065,38.08,1.42,0.059,0.42,-6.78,170.0,,
TAPE SNARE,PERC,C4,1.508,0.016,-7.25,1209.5,n/a,-22.12,0.038,0.107,37.88,1.504,0.1,0.29,-7.33,180.0,,
TAPE SUNRISE,PAD,C2,1.646,0.456,-5.29,1209.5,n/a,-19.51,0.149,0.698,46.14,1.647,0.714,-0.1,-5.24,410.0,,
TAPE SUNRISE,PAD,C3,1.744,0.395,-1.38,3137.1,n/a,-27.74,0.171,0.607,50.65,1.745,0.615,-0.06,-1.5,1060.0,,
TAPE SUNRISE,PAD,C4,2.087,0.595,3.43,3677.2,n/a,-29.82,0.113,0.394,59.15,2.087,0.397,-0.03,3.37,410.0,,
TAPE SUNRISE,PAD,C5,2.382,0.3,-2.13,1838.6,n/a,-10.81,0.473,4.242,48.21,2.382,4.338,-0.1,-2.08,1050.0,,
TAPE SUNRISE,PAD,C6,2.702,0.302,0.0,3677.2,n/a,-17.55,0.979,4.61,51.97,2.701,4.657,-0.04,0.0,1080.0,,
TARPIT,BASS,C1,0.576,-0.127,-99.0,0.0,n/a,-99.0,0.0,0.0,42.97,0.59,0.0,0.0,-99.0,570.0,,
TARPIT,BASS,C2,0.651,-0.538,-99.0,0.0,n/a,-99.0,0.0,0.0,46.41,0.655,0.0,0.0,-99.0,1780.0,,
TARPIT,BASS,C3,0.725,-0.624,-99.0,0.0,n/a,-99.0,0.0,0.0,47.92,0.715,0.0,0.0,-99.0,1750.0,,
TARPIT,BASS,C4,1.115,-0.377,-99.0,0.0,n/a,-99.0,0.0,0.0,39.4,1.527,0.011,-40.41,-99.0,150.0,,
TAUT WIRE,BASS,C1,0.641,-0.062,-99.0,0.0,n/a,-99.0,0.0,0.0,45.3,0.64,0.0,0.0,-99.0,1900.0,,
TAUT WIRE,BASS,C2,0.634,-0.555,-99.0,0.0,n/a,-99.0,0.0,0.0,47.69,0.633,0.0,0.0,-99.0,1900.0,,
TAUT WIRE,BASS,C3,0.65,-0.699,-99.0,0.0,n/a,-99.0,0.0,0.0,49.44,0.649,0.0,0.0,-99.0,1890.0,,
TAUT WIRE,BASS,C4,0.745,-0.747,-99.0,0.0,n/a,-99.0,0.0,0.0,49.95,0.744,0.0,0.0,-99.0,1900.0,,
THERMAL DRIFT,LEAD,C2,1.455,0.266,-2.4,3004.1,n/a,-29.61,0.006,1.411,46.4,1.459,1.43,-0.06,-2.37,1600.0,,
THERMAL DRIFT,LEAD,C3,1.555,0.206,-3.48,1568.6,n/a,-22.9,0.01,2.07,48.33,1.558,2.096,-0.05,-3.47,650.0,,
THERMAL DRIFT,LEAD,C4,1.742,0.25,-1.69,1812.2,n/a,-21.81,0.01,2.44,51.31,1.745,2.47,-0.05,-1.68,580.0,,
THERMAL DRIFT,LEAD,C5,2.116,0.034,-1.47,3624.5,n/a,-22.86,0.025,4.941,50.95,2.121,5.002,-0.05,-1.45,1610.0,,
THERMAL DRIFT,LEAD,C6,2.487,0.087,-5.78,3677.2,n/a,-16.91,0.062,17.081,51.2,2.492,17.206,-0.03,-5.75,1600.0,,
THORN FLICK,PLUCK,C2,0.946,-0.244,1.64,1459.3,n/a,-23.14,0.0,0.03,45.13,0.943,0.027,0.46,1.54,310.0,,
THORN FLICK,PLUCK,C3,1.068,-0.281,-11.22,1209.5,n/a,-15.65,0.0,0.055,44.86,1.067,0.051,0.33,-11.44,320.0,,
THORN FLICK,PLUCK,C4,1.286,-0.206,-5.13,1209.5,n/a,-5.13,0.0,0.738,42.44,1.287,0.7,0.23,-5.42,300.0,,
THORN FLICK,PLUCK,C5,1.627,-0.455,0.0,1591.4,n/a,0.0,0.0,5.574,39.91,1.628,5.553,0.02,0.0,250.0,,
THORN FLICK,PLUCK,C6,2.165,-0.235,0.0,3182.7,n/a,0.0,0.001,99.983,33.05,2.175,99.981,0.0,0.0,340.0,,
TINE POND,KEYS,C2,0.745,-0.445,-99.0,0.0,n/a,-99.0,0.0,0.001,48.94,0.745,0.001,0.0,-99.0,1900.0,,
TINE POND,KEYS,C3,0.944,-0.405,-2.7,1357.6,n/a,-19.98,0.0,0.029,49.42,0.945,0.03,-0.15,-2.63,1900.0,,
TINE POND,KEYS,C4,1.221,-0.271,-2.22,3137.1,n/a,-27.68,0.0,0.383,49.32,1.222,0.396,-0.14,-2.23,1890.0,,
TINE POND,KEYS,C5,1.623,-0.459,-1.63,1812.2,n/a,-3.28,0.0,7.224,49.68,1.624,7.382,-0.09,-1.59,1900.0,,
TINE POND,KEYS,C6,2.161,-0.239,-2.39,3182.7,n/a,-2.39,0.009,44.934,50.03,2.164,45.367,-0.04,-2.35,1900.0,,
TUNDRA CALL,LEAD,C2,1.72,0.53,-4.82,2034.2,n/a,-27.65,0.083,2.433,45.56,1.723,2.443,-0.02,-4.82,1850.0,,
TUNDRA CALL,LEAD,C3,1.86,0.511,-2.88,4068.3,n/a,-28.84,0.158,4.694,46.39,1.863,4.712,-0.02,-2.87,1080.0,,
TUNDRA CALL,LEAD,C4,2.143,0.651,-1.08,1209.5,n/a,-2.29,0.296,9.107,47.25,2.146,9.141,-0.02,-1.08,960.0,,
TUNDRA CALL,LEAD,C5,2.521,0.439,-4.33,4501.1,n/a,-24.13,0.206,12.763,50.99,2.525,12.795,-0.01,-4.31,1430.0,,
TUNDRA CALL,LEAD,C6,2.968,0.568,-6.23,3677.2,n/a,-17.94,0.25,14.244,53.44,2.973,14.276,-0.01,-6.21,1400.0,,
TWIN RAIL,BASS,C1,0.477,-0.226,-99.0,0.0,n/a,-99.0,0.0,0.0,41.47,0.477,0.0,0.0,-99.0,1900.0,,
TWIN RAIL,BASS,C2,0.525,-0.664,-99.0,0.0,n/a,-99.0,0.0,0.0,44.08,0.525,0.0,0.0,-99.0,1880.0,,
TWIN RAIL,BASS,C3,0.599,-0.75,-99.0,0.0,n/a,-99.0,0.0,0.0,47.25,0.598,0.0,0.0,-99.0,1890.0,,
TWIN RAIL,BASS,C4,0.735,-0.757,-99.0,0.0,n/a,-99.0,0.0,0.0,48.42,0.735,0.0,0.0,-99.0,1900.0,,
UNDERTOW,BASS,C1,0.69,-0.013,-99.0,0.0,n/a,-99.0,0.0,0.0,43.54,0.689,0.0,0.0,-99.0,1900.0,,
UNDERTOW,BASS,C2,0.699,-0.491,-99.0,0.0,n/a,-99.0,0.0,0.0,45.41,0.699,0.0,0.0,-99.0,1880.0,,
UNDERTOW,BASS,C3,0.714,-0.635,-99.0,0.0,n/a,-99.0,0.0,0.0,47.8,0.713,0.0,0.0,-99.0,1890.0,,
UNDERTOW,BASS,C4,0.761,-0.731,-99.0,0.0,n/a,-99.0,0.0,0.0,50.46,0.761,0.0,0.0,-99.0,1900.0,,
VELVET GLACIER,PAD,C2,1.204,0.014,-5.12,1377.4,n/a,-21.52,0.0,0.965,48.21,1.206,0.996,-0.14,-5.08,520.0,,
VELVET GLACIER,PAD,C3,1.356,0.007,-3.64,1357.6,n/a,-13.44,0.0,2.937,46.8,1.358,3.025,-0.13,-3.61,1220.0,,
VELVET GLACIER,PAD,C4,1.499,0.007,3.32,1209.5,n/a,-11.96,0.0,1.463,52.94,1.501,1.509,-0.13,3.35,550.0,,
VELVET GLACIER,PAD,C5,1.745,-0.337,-3.04,1591.4,n/a,-3.04,0.0,7.188,52.65,1.747,7.357,-0.1,-3.01,460.0,,
VELVET GLACIER,PAD,C6,1.977,-0.423,-1.62,3677.2,n/a,-24.06,0.0,2.134,56.65,1.978,2.189,-0.11,-1.57,1180.0,,
VHS CLIFF,LEAD,C2,1.63,0.44,-4.66,1245.0,n/a,-23.5,0.073,0.526,50.2,1.631,0.534,-0.07,-4.65,1890.0,,
VHS CLIFF,LEAD,C3,1.793,0.444,-1.44,1281.4,n/a,-15.19,0.162,0.972,50.63,1.794,0.986,-0.06,-1.43,720.0,,
VHS CLIFF,LEAD,C4,2.05,0.558,2.1,2250.5,n/a,-20.41,0.3,2.334,51.47,2.05,2.364,-0.06,2.14,1310.0,,
VHS CLIFF,LEAD,C5,2.441,0.359,-2.59,6274.2,n/a,-27.32,0.727,5.619,51.29,2.441,5.678,-0.05,-2.59,620.0,,
VHS CLIFF,LEAD,C6,2.643,0.243,-3.61,7249.0,n/a,-24.97,1.262,25.086,50.44,2.642,25.3,-0.04,-3.61,1090.0,,
WINTER WELL,PAD,C2,1.224,0.034,-5.34,1338.2,n/a,-22.53,0.0,0.693,45.75,1.226,0.709,-0.1,-5.32,540.0,,
WINTER WELL,PAD,C3,1.344,-0.005,-4.37,1568.6,n/a,-19.09,0.0,0.847,46.98,1.346,0.867,-0.1,-4.34,730.0,,
WINTER WELL,PAD,C4,1.479,-0.013,-1.92,1209.5,n/a,-22.82,0.0,0.222,56.45,1.482,0.227,-0.1,-1.9,570.0,,
WINTER WELL,PAD,C5,1.844,-0.238,-4.91,3624.5,n/a,-24.81,0.001,3.131,46.97,1.847,3.202,-0.1,-4.88,460.0,,
WINTER WELL,PAD,C6,2.188,-0.212,-13.55,3182.7,n/a,-13.55,0.002,6.153,49.71,2.191,6.241,-0.06,-13.49,1180.0,,
ZAP TRENCH,PERC,C2,0.944,-0.246,-99.0,0.0,n/a,-99.0,0.0,0.026,46.51,0.945,0.027,-0.16,-9.39,330.0,,
ZAP TRENCH,PERC,C3,1.037,-0.312,-5.82,1480.5,n/a,-25.44,0.0,0.095,44.53,1.039,0.099,-0.18,-5.79,330.0,,
ZAP TRENCH,PERC,C4,1.132,-0.36,-7.48,2005.0,n/a,-27.26,0.0,0.334,40.44,1.133,0.346,-0.15,-7.41,350.0,,
